<?xml version="1.0" encoding="UTF-8"?>
<spirit:component xmlns:xilinx="http://www.xilinx.com" xmlns:spirit="http://www.spiritconsortium.org/XMLSchema/SPIRIT/1685-2009" xmlns:xsi="http://www.w3.org/2001/XMLSchema-instance">
  <spirit:vendor>user.org</spirit:vendor>
  <spirit:library>user</spirit:library>
  <spirit:name>amba_ahb</spirit:name>
  <spirit:version>4.0</spirit:version>
  <spirit:busInterfaces>
    <spirit:busInterface>
      <spirit:name>S_AXI</spirit:name>
      <spirit:busType spirit:vendor="xilinx.com" spirit:library="interface" spirit:name="aximm" spirit:version="1.0"/>
      <spirit:abstractionType spirit:vendor="xilinx.com" spirit:library="interface" spirit:name="aximm_rtl" spirit:version="1.0"/>
      <spirit:slave>
        <spirit:memoryMapRef spirit:memoryMapRef="S_AXI"/>
      </spirit:slave>
      <spirit:portMaps>
        <spirit:portMap>
          <spirit:logicalPort>
            <spirit:name>AWADDR</spirit:name>
          </spirit:logicalPort>
          <spirit:physicalPort>
            <spirit:name>s_axi_awaddr</spirit:name>
          </spirit:physicalPort>
        </spirit:portMap>
        <spirit:portMap>
          <spirit:logicalPort>
            <spirit:name>AWPROT</spirit:name>
          </spirit:logicalPort>
          <spirit:physicalPort>
            <spirit:name>s_axi_awprot</spirit:name>
          </spirit:physicalPort>
        </spirit:portMap>
        <spirit:portMap>
          <spirit:logicalPort>
            <spirit:name>AWVALID</spirit:name>
          </spirit:logicalPort>
          <spirit:physicalPort>
            <spirit:name>s_axi_awvalid</spirit:name>
          </spirit:physicalPort>
        </spirit:portMap>
        <spirit:portMap>
          <spirit:logicalPort>
            <spirit:name>AWREADY</spirit:name>
          </spirit:logicalPort>
          <spirit:physicalPort>
            <spirit:name>s_axi_awready</spirit:name>
          </spirit:physicalPort>
        </spirit:portMap>
        <spirit:portMap>
          <spirit:logicalPort>
            <spirit:name>WDATA</spirit:name>
          </spirit:logicalPort>
          <spirit:physicalPort>
            <spirit:name>s_axi_wdata</spirit:name>
          </spirit:physicalPort>
        </spirit:portMap>
        <spirit:portMap>
          <spirit:logicalPort>
            <spirit:name>WSTRB</spirit:name>
          </spirit:logicalPort>
          <spirit:physicalPort>
            <spirit:name>s_axi_wstrb</spirit:name>
          </spirit:physicalPort>
        </spirit:portMap>
        <spirit:portMap>
          <spirit:logicalPort>
            <spirit:name>WVALID</spirit:name>
          </spirit:logicalPort>
          <spirit:physicalPort>
            <spirit:name>s_axi_wvalid</spirit:name>
          </spirit:physicalPort>
        </spirit:portMap>
        <spirit:portMap>
          <spirit:logicalPort>
            <spirit:name>WREADY</spirit:name>
          </spirit:logicalPort>
          <spirit:physicalPort>
            <spirit:name>s_axi_wready</spirit:name>
          </spirit:physicalPort>
        </spirit:portMap>
        <spirit:portMap>
          <spirit:logicalPort>
            <spirit:name>BRESP</spirit:name>
          </spirit:logicalPort>
          <spirit:physicalPort>
            <spirit:name>s_axi_bresp</spirit:name>
          </spirit:physicalPort>
        </spirit:portMap>
        <spirit:portMap>
          <spirit:logicalPort>
            <spirit:name>BVALID</spirit:name>
          </spirit:logicalPort>
          <spirit:physicalPort>
            <spirit:name>s_axi_bvalid</spirit:name>
          </spirit:physicalPort>
        </spirit:portMap>
        <spirit:portMap>
          <spirit:logicalPort>
            <spirit:name>BREADY</spirit:name>
          </spirit:logicalPort>
          <spirit:physicalPort>
            <spirit:name>s_axi_bready</spirit:name>
          </spirit:physicalPort>
        </spirit:portMap>
        <spirit:portMap>
          <spirit:logicalPort>
            <spirit:name>ARADDR</spirit:name>
          </spirit:logicalPort>
          <spirit:physicalPort>
            <spirit:name>s_axi_araddr</spirit:name>
          </spirit:physicalPort>
        </spirit:portMap>
        <spirit:portMap>
          <spirit:logicalPort>
            <spirit:name>ARPROT</spirit:name>
          </spirit:logicalPort>
          <spirit:physicalPort>
            <spirit:name>s_axi_arprot</spirit:name>
          </spirit:physicalPort>
        </spirit:portMap>
        <spirit:portMap>
          <spirit:logicalPort>
            <spirit:name>ARVALID</spirit:name>
          </spirit:logicalPort>
          <spirit:physicalPort>
            <spirit:name>s_axi_arvalid</spirit:name>
          </spirit:physicalPort>
        </spirit:portMap>
        <spirit:portMap>
          <spirit:logicalPort>
            <spirit:name>ARREADY</spirit:name>
          </spirit:logicalPort>
          <spirit:physicalPort>
            <spirit:name>s_axi_arready</spirit:name>
          </spirit:physicalPort>
        </spirit:portMap>
        <spirit:portMap>
          <spirit:logicalPort>
            <spirit:name>RDATA</spirit:name>
          </spirit:logicalPort>
          <spirit:physicalPort>
            <spirit:name>s_axi_rdata</spirit:name>
          </spirit:physicalPort>
        </spirit:portMap>
        <spirit:portMap>
          <spirit:logicalPort>
            <spirit:name>RRESP</spirit:name>
          </spirit:logicalPort>
          <spirit:physicalPort>
            <spirit:name>s_axi_rresp</spirit:name>
          </spirit:physicalPort>
        </spirit:portMap>
        <spirit:portMap>
          <spirit:logicalPort>
            <spirit:name>RVALID</spirit:name>
          </spirit:logicalPort>
          <spirit:physicalPort>
            <spirit:name>s_axi_rvalid</spirit:name>
          </spirit:physicalPort>
        </spirit:portMap>
        <spirit:portMap>
          <spirit:logicalPort>
            <spirit:name>RREADY</spirit:name>
          </spirit:logicalPort>
          <spirit:physicalPort>
            <spirit:name>s_axi_rready</spirit:name>
          </spirit:physicalPort>
        </spirit:portMap>
      </spirit:portMaps>
      <spirit:parameters>
        <spirit:parameter>
          <spirit:name>WIZ_DATA_WIDTH</spirit:name>
          <spirit:value spirit:format="long" spirit:id="BUSIFPARAM_VALUE.S_AXI.WIZ_DATA_WIDTH" spirit:choiceRef="choice_list_6fc15197">32</spirit:value>
        </spirit:parameter>
        <spirit:parameter>
          <spirit:name>WIZ_NUM_REG</spirit:name>
          <spirit:value spirit:format="long" spirit:id="BUSIFPARAM_VALUE.S_AXI.WIZ_NUM_REG" spirit:minimum="4" spirit:maximum="512" spirit:rangeType="long">16</spirit:value>
        </spirit:parameter>
        <spirit:parameter>
          <spirit:name>SUPPORTS_NARROW_BURST</spirit:name>
          <spirit:value spirit:format="long" spirit:id="BUSIFPARAM_VALUE.S_AXI.SUPPORTS_NARROW_BURST" spirit:choiceRef="choice_pairs_ce1226b1">0</spirit:value>
        </spirit:parameter>
      </spirit:parameters>
    </spirit:busInterface>
    <spirit:busInterface>
      <spirit:name>S_AXI_RST</spirit:name>
      <spirit:busType spirit:vendor="xilinx.com" spirit:library="signal" spirit:name="reset" spirit:version="1.0"/>
      <spirit:abstractionType spirit:vendor="xilinx.com" spirit:library="signal" spirit:name="reset_rtl" spirit:version="1.0"/>
      <spirit:slave/>
      <spirit:portMaps>
        <spirit:portMap>
          <spirit:logicalPort>
            <spirit:name>RST</spirit:name>
          </spirit:logicalPort>
          <spirit:physicalPort>
            <spirit:name>s_axi_aresetn</spirit:name>
          </spirit:physicalPort>
        </spirit:portMap>
      </spirit:portMaps>
      <spirit:parameters>
        <spirit:parameter>
          <spirit:name>POLARITY</spirit:name>
          <spirit:value spirit:id="BUSIFPARAM_VALUE.S_AXI_RST.POLARITY" spirit:choiceRef="choice_list_9d8b0d81">ACTIVE_LOW</spirit:value>
        </spirit:parameter>
      </spirit:parameters>
    </spirit:busInterface>
    <spirit:busInterface>
      <spirit:name>S_AXI_CLK</spirit:name>
      <spirit:busType spirit:vendor="xilinx.com" spirit:library="signal" spirit:name="clock" spirit:version="1.0"/>
      <spirit:abstractionType spirit:vendor="xilinx.com" spirit:library="signal" spirit:name="clock_rtl" spirit:version="1.0"/>
      <spirit:slave/>
      <spirit:portMaps>
        <spirit:portMap>
          <spirit:logicalPort>
            <spirit:name>CLK</spirit:name>
          </spirit:logicalPort>
          <spirit:physicalPort>
            <spirit:name>s_axi_aclk</spirit:name>
          </spirit:physicalPort>
        </spirit:portMap>
      </spirit:portMaps>
      <spirit:parameters>
        <spirit:parameter>
          <spirit:name>ASSOCIATED_BUSIF</spirit:name>
          <spirit:value spirit:id="BUSIFPARAM_VALUE.S_AXI_CLK.ASSOCIATED_BUSIF">S_AXI</spirit:value>
        </spirit:parameter>
        <spirit:parameter>
          <spirit:name>ASSOCIATED_RESET</spirit:name>
          <spirit:value spirit:id="BUSIFPARAM_VALUE.S_AXI_CLK.ASSOCIATED_RESET">s_axi_aresetn</spirit:value>
        </spirit:parameter>
      </spirit:parameters>
    </spirit:busInterface>
    <spirit:busInterface>
      <spirit:name>resetn</spirit:name>
      <spirit:busType spirit:vendor="xilinx.com" spirit:library="signal" spirit:name="reset" spirit:version="1.0"/>
      <spirit:abstractionType spirit:vendor="xilinx.com" spirit:library="signal" spirit:name="reset_rtl" spirit:version="1.0"/>
      <spirit:slave/>
      <spirit:portMaps>
        <spirit:portMap>
          <spirit:logicalPort>
            <spirit:name>RST</spirit:name>
          </spirit:logicalPort>
          <spirit:physicalPort>
            <spirit:name>resetn</spirit:name>
          </spirit:physicalPort>
        </spirit:portMap>
      </spirit:portMaps>
      <spirit:parameters>
        <spirit:parameter>
          <spirit:name>POLARITY</spirit:name>
          <spirit:value spirit:id="BUSIFPARAM_VALUE.RESETN.POLARITY" spirit:choiceRef="choice_list_9d8b0d81">ACTIVE_LOW</spirit:value>
        </spirit:parameter>
      </spirit:parameters>
    </spirit:busInterface>
    <spirit:busInterface>
      <spirit:name>clk</spirit:name>
      <spirit:busType spirit:vendor="xilinx.com" spirit:library="signal" spirit:name="clock" spirit:version="1.0"/>
      <spirit:abstractionType spirit:vendor="xilinx.com" spirit:library="signal" spirit:name="clock_rtl" spirit:version="1.0"/>
      <spirit:slave/>
      <spirit:portMaps>
        <spirit:portMap>
          <spirit:logicalPort>
            <spirit:name>CLK</spirit:name>
          </spirit:logicalPort>
          <spirit:physicalPort>
            <spirit:name>clk</spirit:name>
          </spirit:physicalPort>
        </spirit:portMap>
      </spirit:portMaps>
      <spirit:parameters>
        <spirit:parameter>
          <spirit:name>ASSOCIATED_BUSIF</spirit:name>
          <spirit:value spirit:id="BUSIFPARAM_VALUE.CLK.ASSOCIATED_BUSIF">clk</spirit:value>
        </spirit:parameter>
      </spirit:parameters>
    </spirit:busInterface>
  </spirit:busInterfaces>
  <spirit:memoryMaps>
    <spirit:memoryMap>
      <spirit:name>S_AXI</spirit:name>
      <spirit:addressBlock>
        <spirit:name>S_AXI_reg</spirit:name>
        <spirit:baseAddress spirit:format="long" spirit:resolve="user">0</spirit:baseAddress>
        <spirit:range spirit:format="long">4096</spirit:range>
        <spirit:width spirit:format="long">32</spirit:width>
        <spirit:usage>register</spirit:usage>
        <spirit:parameters>
          <spirit:parameter>
            <spirit:name>OFFSET_BASE_PARAM</spirit:name>
            <spirit:value spirit:id="ADDRBLOCKPARAM_VALUE.S_AXI.S_AXI_REG.OFFSET_BASE_PARAM">C_S_AXI_BASEADDR</spirit:value>
          </spirit:parameter>
          <spirit:parameter>
            <spirit:name>OFFSET_HIGH_PARAM</spirit:name>
            <spirit:value spirit:id="ADDRBLOCKPARAM_VALUE.S_AXI.S_AXI_REG.OFFSET_HIGH_PARAM">C_S_AXI_HIGHADDR</spirit:value>
          </spirit:parameter>
        </spirit:parameters>
      </spirit:addressBlock>
    </spirit:memoryMap>
  </spirit:memoryMaps>
  <spirit:model>
    <spirit:views>
      <spirit:view>
        <spirit:name>xilinx_verilogsynthesis</spirit:name>
        <spirit:displayName>Verilog Synthesis</spirit:displayName>
        <spirit:envIdentifier>verilogSource:vivado.xilinx.com:synthesis</spirit:envIdentifier>
        <spirit:language>verilog</spirit:language>
        <spirit:modelName>amba_ahb_v1_0</spirit:modelName>
        <spirit:fileSetRef>
          <spirit:localName>xilinx_verilogsynthesis_view_fileset</spirit:localName>
        </spirit:fileSetRef>
        <spirit:parameters>
          <spirit:parameter>
            <spirit:name>viewChecksum</spirit:name>
            <spirit:value>a2195681</spirit:value>
          </spirit:parameter>
        </spirit:parameters>
      </spirit:view>
      <spirit:view>
        <spirit:name>xilinx_verilogbehavioralsimulation</spirit:name>
        <spirit:displayName>Verilog Simulation</spirit:displayName>
        <spirit:envIdentifier>verilogSource:vivado.xilinx.com:simulation</spirit:envIdentifier>
        <spirit:language>verilog</spirit:language>
        <spirit:modelName>amba_ahb_v1_0</spirit:modelName>
        <spirit:fileSetRef>
          <spirit:localName>xilinx_verilogbehavioralsimulation_view_fileset</spirit:localName>
        </spirit:fileSetRef>
        <spirit:parameters>
          <spirit:parameter>
            <spirit:name>viewChecksum</spirit:name>
            <spirit:value>a2195681</spirit:value>
          </spirit:parameter>
        </spirit:parameters>
      </spirit:view>
      <spirit:view>
        <spirit:name>xilinx_softwaredriver</spirit:name>
        <spirit:displayName>Software Driver</spirit:displayName>
        <spirit:envIdentifier>:vivado.xilinx.com:sw.driver</spirit:envIdentifier>
        <spirit:fileSetRef>
          <spirit:localName>xilinx_softwaredriver_view_fileset</spirit:localName>
        </spirit:fileSetRef>
        <spirit:parameters>
          <spirit:parameter>
            <spirit:name>viewChecksum</spirit:name>
            <spirit:value>83d08e1d</spirit:value>
          </spirit:parameter>
        </spirit:parameters>
      </spirit:view>
      <spirit:view>
        <spirit:name>xilinx_xpgui</spirit:name>
        <spirit:displayName>UI Layout</spirit:displayName>
        <spirit:envIdentifier>:vivado.xilinx.com:xgui.ui</spirit:envIdentifier>
        <spirit:fileSetRef>
          <spirit:localName>xilinx_xpgui_view_fileset</spirit:localName>
        </spirit:fileSetRef>
        <spirit:parameters>
          <spirit:parameter>
            <spirit:name>viewChecksum</spirit:name>
            <spirit:value>36eab1b1</spirit:value>
          </spirit:parameter>
        </spirit:parameters>
      </spirit:view>
      <spirit:view>
        <spirit:name>bd_tcl</spirit:name>
        <spirit:displayName>Block Diagram</spirit:displayName>
        <spirit:envIdentifier>:vivado.xilinx.com:block.diagram</spirit:envIdentifier>
        <spirit:fileSetRef>
          <spirit:localName>bd_tcl_view_fileset</spirit:localName>
        </spirit:fileSetRef>
        <spirit:parameters>
          <spirit:parameter>
            <spirit:name>viewChecksum</spirit:name>
            <spirit:value>45a2f450</spirit:value>
          </spirit:parameter>
        </spirit:parameters>
      </spirit:view>
      <spirit:view>
        <spirit:name>xilinx_testbench</spirit:name>
        <spirit:displayName>Test Bench</spirit:displayName>
        <spirit:envIdentifier>:vivado.xilinx.com:simulation.testbench</spirit:envIdentifier>
        <spirit:modelName>wrapper_tb_2</spirit:modelName>
        <spirit:fileSetRef>
          <spirit:localName>xilinx_testbench_view_fileset</spirit:localName>
        </spirit:fileSetRef>
        <spirit:parameters>
          <spirit:parameter>
            <spirit:name>viewChecksum</spirit:name>
            <spirit:value>8c6e3c83</spirit:value>
          </spirit:parameter>
        </spirit:parameters>
      </spirit:view>
    </spirit:views>
    <spirit:ports>
      <spirit:port>
        <spirit:name>dout1</spirit:name>
        <spirit:wire>
          <spirit:direction>out</spirit:direction>
          <spirit:vector>
            <spirit:left spirit:format="long">31</spirit:left>
            <spirit:right spirit:format="long">0</spirit:right>
          </spirit:vector>
          <spirit:wireTypeDefs>
            <spirit:wireTypeDef>
              <spirit:typeName>reg</spirit:typeName>
              <spirit:viewNameRef>xilinx_verilogsynthesis</spirit:viewNameRef>
              <spirit:viewNameRef>xilinx_verilogbehavioralsimulation</spirit:viewNameRef>
            </spirit:wireTypeDef>
          </spirit:wireTypeDefs>
        </spirit:wire>
      </spirit:port>
      <spirit:port>
        <spirit:name>dout2</spirit:name>
        <spirit:wire>
          <spirit:direction>out</spirit:direction>
          <spirit:vector>
            <spirit:left spirit:format="long">31</spirit:left>
            <spirit:right spirit:format="long">0</spirit:right>
          </spirit:vector>
          <spirit:wireTypeDefs>
            <spirit:wireTypeDef>
              <spirit:typeName>reg</spirit:typeName>
              <spirit:viewNameRef>xilinx_verilogsynthesis</spirit:viewNameRef>
              <spirit:viewNameRef>xilinx_verilogbehavioralsimulation</spirit:viewNameRef>
            </spirit:wireTypeDef>
          </spirit:wireTypeDefs>
        </spirit:wire>
      </spirit:port>
      <spirit:port>
        <spirit:name>dout3</spirit:name>
        <spirit:wire>
          <spirit:direction>out</spirit:direction>
          <spirit:vector>
            <spirit:left spirit:format="long">31</spirit:left>
            <spirit:right spirit:format="long">0</spirit:right>
          </spirit:vector>
          <spirit:wireTypeDefs>
            <spirit:wireTypeDef>
              <spirit:typeName>reg</spirit:typeName>
              <spirit:viewNameRef>xilinx_verilogsynthesis</spirit:viewNameRef>
              <spirit:viewNameRef>xilinx_verilogbehavioralsimulation</spirit:viewNameRef>
            </spirit:wireTypeDef>
          </spirit:wireTypeDefs>
        </spirit:wire>
      </spirit:port>
      <spirit:port>
        <spirit:name>clk</spirit:name>
        <spirit:wire>
          <spirit:direction>in</spirit:direction>
          <spirit:wireTypeDefs>
            <spirit:wireTypeDef>
              <spirit:typeName>wire</spirit:typeName>
              <spirit:viewNameRef>xilinx_verilogsynthesis</spirit:viewNameRef>
              <spirit:viewNameRef>xilinx_verilogbehavioralsimulation</spirit:viewNameRef>
            </spirit:wireTypeDef>
          </spirit:wireTypeDefs>
        </spirit:wire>
      </spirit:port>
      <spirit:port>
        <spirit:name>resetn</spirit:name>
        <spirit:wire>
          <spirit:direction>in</spirit:direction>
          <spirit:wireTypeDefs>
            <spirit:wireTypeDef>
              <spirit:typeName>wire</spirit:typeName>
              <spirit:viewNameRef>xilinx_verilogsynthesis</spirit:viewNameRef>
              <spirit:viewNameRef>xilinx_verilogbehavioralsimulation</spirit:viewNameRef>
            </spirit:wireTypeDef>
          </spirit:wireTypeDefs>
        </spirit:wire>
      </spirit:port>
      <spirit:port>
        <spirit:name>s_axi_awaddr</spirit:name>
        <spirit:wire>
          <spirit:direction>in</spirit:direction>
          <spirit:vector>
            <spirit:left spirit:format="long" spirit:resolve="dependent" spirit:dependency="(spirit:decode(id(&apos;MODELPARAM_VALUE.C_S_AXI_ADDR_WIDTH&apos;)) - 1)">5</spirit:left>
            <spirit:right spirit:format="long">0</spirit:right>
          </spirit:vector>
          <spirit:wireTypeDefs>
            <spirit:wireTypeDef>
              <spirit:typeName>wire</spirit:typeName>
              <spirit:viewNameRef>xilinx_verilogsynthesis</spirit:viewNameRef>
              <spirit:viewNameRef>xilinx_verilogbehavioralsimulation</spirit:viewNameRef>
            </spirit:wireTypeDef>
          </spirit:wireTypeDefs>
        </spirit:wire>
      </spirit:port>
      <spirit:port>
        <spirit:name>s_axi_awprot</spirit:name>
        <spirit:wire>
          <spirit:direction>in</spirit:direction>
          <spirit:vector>
            <spirit:left spirit:format="long">2</spirit:left>
            <spirit:right spirit:format="long">0</spirit:right>
          </spirit:vector>
          <spirit:wireTypeDefs>
            <spirit:wireTypeDef>
              <spirit:typeName>wire</spirit:typeName>
              <spirit:viewNameRef>xilinx_verilogsynthesis</spirit:viewNameRef>
              <spirit:viewNameRef>xilinx_verilogbehavioralsimulation</spirit:viewNameRef>
            </spirit:wireTypeDef>
          </spirit:wireTypeDefs>
        </spirit:wire>
      </spirit:port>
      <spirit:port>
        <spirit:name>s_axi_awvalid</spirit:name>
        <spirit:wire>
          <spirit:direction>in</spirit:direction>
          <spirit:wireTypeDefs>
            <spirit:wireTypeDef>
              <spirit:typeName>wire</spirit:typeName>
              <spirit:viewNameRef>xilinx_verilogsynthesis</spirit:viewNameRef>
              <spirit:viewNameRef>xilinx_verilogbehavioralsimulation</spirit:viewNameRef>
            </spirit:wireTypeDef>
          </spirit:wireTypeDefs>
        </spirit:wire>
      </spirit:port>
      <spirit:port>
        <spirit:name>s_axi_awready</spirit:name>
        <spirit:wire>
          <spirit:direction>out</spirit:direction>
          <spirit:wireTypeDefs>
            <spirit:wireTypeDef>
              <spirit:typeName>wire</spirit:typeName>
              <spirit:viewNameRef>xilinx_verilogsynthesis</spirit:viewNameRef>
              <spirit:viewNameRef>xilinx_verilogbehavioralsimulation</spirit:viewNameRef>
            </spirit:wireTypeDef>
          </spirit:wireTypeDefs>
        </spirit:wire>
      </spirit:port>
      <spirit:port>
        <spirit:name>s_axi_wdata</spirit:name>
        <spirit:wire>
          <spirit:direction>in</spirit:direction>
          <spirit:vector>
            <spirit:left spirit:format="long" spirit:resolve="dependent" spirit:dependency="(spirit:decode(id(&apos;MODELPARAM_VALUE.C_S_AXI_DATA_WIDTH&apos;)) - 1)">31</spirit:left>
            <spirit:right spirit:format="long">0</spirit:right>
          </spirit:vector>
          <spirit:wireTypeDefs>
            <spirit:wireTypeDef>
              <spirit:typeName>wire</spirit:typeName>
              <spirit:viewNameRef>xilinx_verilogsynthesis</spirit:viewNameRef>
              <spirit:viewNameRef>xilinx_verilogbehavioralsimulation</spirit:viewNameRef>
            </spirit:wireTypeDef>
          </spirit:wireTypeDefs>
        </spirit:wire>
      </spirit:port>
      <spirit:port>
        <spirit:name>s_axi_wstrb</spirit:name>
        <spirit:wire>
          <spirit:direction>in</spirit:direction>
          <spirit:vector>
            <spirit:left spirit:format="long" spirit:resolve="dependent" spirit:dependency="((spirit:decode(id(&apos;MODELPARAM_VALUE.C_S_AXI_DATA_WIDTH&apos;)) / 8) - 1)">3</spirit:left>
            <spirit:right spirit:format="long">0</spirit:right>
          </spirit:vector>
          <spirit:wireTypeDefs>
            <spirit:wireTypeDef>
              <spirit:typeName>wire</spirit:typeName>
              <spirit:viewNameRef>xilinx_verilogsynthesis</spirit:viewNameRef>
              <spirit:viewNameRef>xilinx_verilogbehavioralsimulation</spirit:viewNameRef>
            </spirit:wireTypeDef>
          </spirit:wireTypeDefs>
        </spirit:wire>
      </spirit:port>
      <spirit:port>
        <spirit:name>s_axi_wvalid</spirit:name>
        <spirit:wire>
          <spirit:direction>in</spirit:direction>
          <spirit:wireTypeDefs>
            <spirit:wireTypeDef>
              <spirit:typeName>wire</spirit:typeName>
              <spirit:viewNameRef>xilinx_verilogsynthesis</spirit:viewNameRef>
              <spirit:viewNameRef>xilinx_verilogbehavioralsimulation</spirit:viewNameRef>
            </spirit:wireTypeDef>
          </spirit:wireTypeDefs>
        </spirit:wire>
      </spirit:port>
      <spirit:port>
        <spirit:name>s_axi_wready</spirit:name>
        <spirit:wire>
          <spirit:direction>out</spirit:direction>
          <spirit:wireTypeDefs>
            <spirit:wireTypeDef>
              <spirit:typeName>wire</spirit:typeName>
              <spirit:viewNameRef>xilinx_verilogsynthesis</spirit:viewNameRef>
              <spirit:viewNameRef>xilinx_verilogbehavioralsimulation</spirit:viewNameRef>
            </spirit:wireTypeDef>
          </spirit:wireTypeDefs>
        </spirit:wire>
      </spirit:port>
      <spirit:port>
        <spirit:name>s_axi_bresp</spirit:name>
        <spirit:wire>
          <spirit:direction>out</spirit:direction>
          <spirit:vector>
            <spirit:left spirit:format="long">1</spirit:left>
            <spirit:right spirit:format="long">0</spirit:right>
          </spirit:vector>
          <spirit:wireTypeDefs>
            <spirit:wireTypeDef>
              <spirit:typeName>wire</spirit:typeName>
              <spirit:viewNameRef>xilinx_verilogsynthesis</spirit:viewNameRef>
              <spirit:viewNameRef>xilinx_verilogbehavioralsimulation</spirit:viewNameRef>
            </spirit:wireTypeDef>
          </spirit:wireTypeDefs>
        </spirit:wire>
      </spirit:port>
      <spirit:port>
        <spirit:name>s_axi_bvalid</spirit:name>
        <spirit:wire>
          <spirit:direction>out</spirit:direction>
          <spirit:wireTypeDefs>
            <spirit:wireTypeDef>
              <spirit:typeName>wire</spirit:typeName>
              <spirit:viewNameRef>xilinx_verilogsynthesis</spirit:viewNameRef>
              <spirit:viewNameRef>xilinx_verilogbehavioralsimulation</spirit:viewNameRef>
            </spirit:wireTypeDef>
          </spirit:wireTypeDefs>
        </spirit:wire>
      </spirit:port>
      <spirit:port>
        <spirit:name>s_axi_bready</spirit:name>
        <spirit:wire>
          <spirit:direction>in</spirit:direction>
          <spirit:wireTypeDefs>
            <spirit:wireTypeDef>
              <spirit:typeName>wire</spirit:typeName>
              <spirit:viewNameRef>xilinx_verilogsynthesis</spirit:viewNameRef>
              <spirit:viewNameRef>xilinx_verilogbehavioralsimulation</spirit:viewNameRef>
            </spirit:wireTypeDef>
          </spirit:wireTypeDefs>
        </spirit:wire>
      </spirit:port>
      <spirit:port>
        <spirit:name>s_axi_araddr</spirit:name>
        <spirit:wire>
          <spirit:direction>in</spirit:direction>
          <spirit:vector>
            <spirit:left spirit:format="long" spirit:resolve="dependent" spirit:dependency="(spirit:decode(id(&apos;MODELPARAM_VALUE.C_S_AXI_ADDR_WIDTH&apos;)) - 1)">5</spirit:left>
            <spirit:right spirit:format="long">0</spirit:right>
          </spirit:vector>
          <spirit:wireTypeDefs>
            <spirit:wireTypeDef>
              <spirit:typeName>wire</spirit:typeName>
              <spirit:viewNameRef>xilinx_verilogsynthesis</spirit:viewNameRef>
              <spirit:viewNameRef>xilinx_verilogbehavioralsimulation</spirit:viewNameRef>
            </spirit:wireTypeDef>
          </spirit:wireTypeDefs>
        </spirit:wire>
      </spirit:port>
      <spirit:port>
        <spirit:name>s_axi_arprot</spirit:name>
        <spirit:wire>
          <spirit:direction>in</spirit:direction>
          <spirit:vector>
            <spirit:left spirit:format="long">2</spirit:left>
            <spirit:right spirit:format="long">0</spirit:right>
          </spirit:vector>
          <spirit:wireTypeDefs>
            <spirit:wireTypeDef>
              <spirit:typeName>wire</spirit:typeName>
              <spirit:viewNameRef>xilinx_verilogsynthesis</spirit:viewNameRef>
              <spirit:viewNameRef>xilinx_verilogbehavioralsimulation</spirit:viewNameRef>
            </spirit:wireTypeDef>
          </spirit:wireTypeDefs>
        </spirit:wire>
      </spirit:port>
      <spirit:port>
        <spirit:name>s_axi_arvalid</spirit:name>
        <spirit:wire>
          <spirit:direction>in</spirit:direction>
          <spirit:wireTypeDefs>
            <spirit:wireTypeDef>
              <spirit:typeName>wire</spirit:typeName>
              <spirit:viewNameRef>xilinx_verilogsynthesis</spirit:viewNameRef>
              <spirit:viewNameRef>xilinx_verilogbehavioralsimulation</spirit:viewNameRef>
            </spirit:wireTypeDef>
          </spirit:wireTypeDefs>
        </spirit:wire>
      </spirit:port>
      <spirit:port>
        <spirit:name>s_axi_arready</spirit:name>
        <spirit:wire>
          <spirit:direction>out</spirit:direction>
          <spirit:wireTypeDefs>
            <spirit:wireTypeDef>
              <spirit:typeName>wire</spirit:typeName>
              <spirit:viewNameRef>xilinx_verilogsynthesis</spirit:viewNameRef>
              <spirit:viewNameRef>xilinx_verilogbehavioralsimulation</spirit:viewNameRef>
            </spirit:wireTypeDef>
          </spirit:wireTypeDefs>
        </spirit:wire>
      </spirit:port>
      <spirit:port>
        <spirit:name>s_axi_rdata</spirit:name>
        <spirit:wire>
          <spirit:direction>out</spirit:direction>
          <spirit:vector>
            <spirit:left spirit:format="long" spirit:resolve="dependent" spirit:dependency="(spirit:decode(id(&apos;MODELPARAM_VALUE.C_S_AXI_DATA_WIDTH&apos;)) - 1)">31</spirit:left>
            <spirit:right spirit:format="long">0</spirit:right>
          </spirit:vector>
          <spirit:wireTypeDefs>
            <spirit:wireTypeDef>
              <spirit:typeName>wire</spirit:typeName>
              <spirit:viewNameRef>xilinx_verilogsynthesis</spirit:viewNameRef>
              <spirit:viewNameRef>xilinx_verilogbehavioralsimulation</spirit:viewNameRef>
            </spirit:wireTypeDef>
          </spirit:wireTypeDefs>
        </spirit:wire>
      </spirit:port>
      <spirit:port>
        <spirit:name>s_axi_rresp</spirit:name>
        <spirit:wire>
          <spirit:direction>out</spirit:direction>
          <spirit:vector>
            <spirit:left spirit:format="long">1</spirit:left>
            <spirit:right spirit:format="long">0</spirit:right>
          </spirit:vector>
          <spirit:wireTypeDefs>
            <spirit:wireTypeDef>
              <spirit:typeName>wire</spirit:typeName>
              <spirit:viewNameRef>xilinx_verilogsynthesis</spirit:viewNameRef>
              <spirit:viewNameRef>xilinx_verilogbehavioralsimulation</spirit:viewNameRef>
            </spirit:wireTypeDef>
          </spirit:wireTypeDefs>
        </spirit:wire>
      </spirit:port>
      <spirit:port>
        <spirit:name>s_axi_rvalid</spirit:name>
        <spirit:wire>
          <spirit:direction>out</spirit:direction>
          <spirit:wireTypeDefs>
            <spirit:wireTypeDef>
              <spirit:typeName>wire</spirit:typeName>
              <spirit:viewNameRef>xilinx_verilogsynthesis</spirit:viewNameRef>
              <spirit:viewNameRef>xilinx_verilogbehavioralsimulation</spirit:viewNameRef>
            </spirit:wireTypeDef>
          </spirit:wireTypeDefs>
        </spirit:wire>
      </spirit:port>
      <spirit:port>
        <spirit:name>s_axi_rready</spirit:name>
        <spirit:wire>
          <spirit:direction>in</spirit:direction>
          <spirit:wireTypeDefs>
            <spirit:wireTypeDef>
              <spirit:typeName>wire</spirit:typeName>
              <spirit:viewNameRef>xilinx_verilogsynthesis</spirit:viewNameRef>
              <spirit:viewNameRef>xilinx_verilogbehavioralsimulation</spirit:viewNameRef>
            </spirit:wireTypeDef>
          </spirit:wireTypeDefs>
        </spirit:wire>
      </spirit:port>
      <spirit:port>
        <spirit:name>s_axi_aclk</spirit:name>
        <spirit:wire>
          <spirit:direction>in</spirit:direction>
          <spirit:wireTypeDefs>
            <spirit:wireTypeDef>
              <spirit:typeName>wire</spirit:typeName>
              <spirit:viewNameRef>xilinx_verilogsynthesis</spirit:viewNameRef>
              <spirit:viewNameRef>xilinx_verilogbehavioralsimulation</spirit:viewNameRef>
            </spirit:wireTypeDef>
          </spirit:wireTypeDefs>
        </spirit:wire>
      </spirit:port>
      <spirit:port>
        <spirit:name>s_axi_aresetn</spirit:name>
        <spirit:wire>
          <spirit:direction>in</spirit:direction>
          <spirit:wireTypeDefs>
            <spirit:wireTypeDef>
              <spirit:typeName>wire</spirit:typeName>
              <spirit:viewNameRef>xilinx_verilogsynthesis</spirit:viewNameRef>
              <spirit:viewNameRef>xilinx_verilogbehavioralsimulation</spirit:viewNameRef>
            </spirit:wireTypeDef>
          </spirit:wireTypeDefs>
        </spirit:wire>
      </spirit:port>
    </spirit:ports>
    <spirit:modelParameters>
      <spirit:modelParameter xsi:type="spirit:nameValueTypeType" spirit:dataType="integer">
        <spirit:name>C_S_AXI_DATA_WIDTH</spirit:name>
        <spirit:displayName>C S AXI DATA WIDTH</spirit:displayName>
        <spirit:description>Width of S_AXI data bus</spirit:description>
        <spirit:value spirit:format="long" spirit:resolve="generated" spirit:id="MODELPARAM_VALUE.C_S_AXI_DATA_WIDTH" spirit:order="3" spirit:rangeType="long">32</spirit:value>
      </spirit:modelParameter>
      <spirit:modelParameter spirit:dataType="integer">
        <spirit:name>C_S_AXI_ADDR_WIDTH</spirit:name>
        <spirit:displayName>C S AXI ADDR WIDTH</spirit:displayName>
        <spirit:description>Width of S_AXI address bus</spirit:description>
        <spirit:value spirit:format="long" spirit:resolve="generated" spirit:id="MODELPARAM_VALUE.C_S_AXI_ADDR_WIDTH" spirit:order="4" spirit:rangeType="long">6</spirit:value>
      </spirit:modelParameter>
    </spirit:modelParameters>
  </spirit:model>
  <spirit:choices>
    <spirit:choice>
      <spirit:name>choice_list_6fc15197</spirit:name>
      <spirit:enumeration>32</spirit:enumeration>
    </spirit:choice>
    <spirit:choice>
      <spirit:name>choice_list_9d8b0d81</spirit:name>
      <spirit:enumeration>ACTIVE_HIGH</spirit:enumeration>
      <spirit:enumeration>ACTIVE_LOW</spirit:enumeration>
    </spirit:choice>
    <spirit:choice>
      <spirit:name>choice_pairs_ce1226b1</spirit:name>
      <spirit:enumeration spirit:text="true">1</spirit:enumeration>
      <spirit:enumeration spirit:text="false">0</spirit:enumeration>
    </spirit:choice>
  </spirit:choices>
  <spirit:fileSets>
    <spirit:fileSet>
      <spirit:name>xilinx_verilogsynthesis_view_fileset</spirit:name>
      <spirit:file>
        <spirit:name>src/ahb_master.v</spirit:name>
        <spirit:fileType>verilogSource</spirit:fileType>
      </spirit:file>
      <spirit:file>
        <spirit:name>src/ahb_slave.v</spirit:name>
        <spirit:fileType>verilogSource</spirit:fileType>
      </spirit:file>
      <spirit:file>
        <spirit:name>hdl/amba_ahb_v1_0_S_AXI.v</spirit:name>
        <spirit:fileType>verilogSource</spirit:fileType>
      </spirit:file>
      <spirit:file>
        <spirit:name>src/arbiter.v</spirit:name>
        <spirit:fileType>verilogSource</spirit:fileType>
      </spirit:file>
      <spirit:file>
        <spirit:name>src/decoder.v</spirit:name>
        <spirit:fileType>verilogSource</spirit:fileType>
      </spirit:file>
      <spirit:file>
        <spirit:name>src/design_1_2.v</spirit:name>
        <spirit:fileType>verilogSource</spirit:fileType>
      </spirit:file>
      <spirit:file>
        <spirit:name>src/multiplexor.v</spirit:name>
        <spirit:fileType>verilogSource</spirit:fileType>
      </spirit:file>
      <spirit:file>
        <spirit:name>src/write_mux.v</spirit:name>
        <spirit:fileType>verilogSource</spirit:fileType>
      </spirit:file>
      <spirit:file>
        <spirit:name>hdl/amba_ahb_v1_0.v</spirit:name>
        <spirit:fileType>verilogSource</spirit:fileType>
        <spirit:userFileType>CHECKSUM_e8644133</spirit:userFileType>
      </spirit:file>
    </spirit:fileSet>
    <spirit:fileSet>
      <spirit:name>xilinx_verilogbehavioralsimulation_view_fileset</spirit:name>
      <spirit:file>
        <spirit:name>src/ahb_master.v</spirit:name>
        <spirit:fileType>verilogSource</spirit:fileType>
      </spirit:file>
      <spirit:file>
        <spirit:name>src/ahb_slave.v</spirit:name>
        <spirit:fileType>verilogSource</spirit:fileType>
      </spirit:file>
      <spirit:file>
        <spirit:name>hdl/amba_ahb_v1_0_S_AXI.v</spirit:name>
        <spirit:fileType>verilogSource</spirit:fileType>
      </spirit:file>
      <spirit:file>
        <spirit:name>src/arbiter.v</spirit:name>
        <spirit:fileType>verilogSource</spirit:fileType>
      </spirit:file>
      <spirit:file>
        <spirit:name>src/decoder.v</spirit:name>
        <spirit:fileType>verilogSource</spirit:fileType>
      </spirit:file>
      <spirit:file>
        <spirit:name>src/design_1_2.v</spirit:name>
        <spirit:fileType>verilogSource</spirit:fileType>
      </spirit:file>
      <spirit:file>
        <spirit:name>src/multiplexor.v</spirit:name>
        <spirit:fileType>verilogSource</spirit:fileType>
      </spirit:file>
      <spirit:file>
        <spirit:name>src/write_mux.v</spirit:name>
        <spirit:fileType>verilogSource</spirit:fileType>
      </spirit:file>
      <spirit:file>
        <spirit:name>hdl/amba_ahb_v1_0.v</spirit:name>
        <spirit:fileType>verilogSource</spirit:fileType>
      </spirit:file>
    </spirit:fileSet>
    <spirit:fileSet>
      <spirit:name>xilinx_softwaredriver_view_fileset</spirit:name>
      <spirit:file>
        <spirit:name>drivers/amba_ahb_v1_0/data/amba_ahb.mdd</spirit:name>
        <spirit:userFileType>mdd</spirit:userFileType>
        <spirit:userFileType>driver_mdd</spirit:userFileType>
      </spirit:file>
      <spirit:file>
        <spirit:name>drivers/amba_ahb_v1_0/data/amba_ahb.tcl</spirit:name>
        <spirit:fileType>tclSource</spirit:fileType>
        <spirit:userFileType>driver_tcl</spirit:userFileType>
      </spirit:file>
      <spirit:file>
        <spirit:name>drivers/amba_ahb_v1_0/src/Makefile</spirit:name>
        <spirit:userFileType>driver_src</spirit:userFileType>
      </spirit:file>
      <spirit:file>
        <spirit:name>drivers/amba_ahb_v1_0/src/amba_ahb.h</spirit:name>
        <spirit:fileType>cSource</spirit:fileType>
        <spirit:userFileType>driver_src</spirit:userFileType>
      </spirit:file>
      <spirit:file>
        <spirit:name>drivers/amba_ahb_v1_0/src/amba_ahb.c</spirit:name>
        <spirit:fileType>cSource</spirit:fileType>
        <spirit:userFileType>driver_src</spirit:userFileType>
      </spirit:file>
      <spirit:file>
        <spirit:name>drivers/amba_ahb_v1_0/src/amba_ahb_selftest.c</spirit:name>
        <spirit:fileType>cSource</spirit:fileType>
        <spirit:userFileType>driver_src</spirit:userFileType>
      </spirit:file>
    </spirit:fileSet>
    <spirit:fileSet>
      <spirit:name>xilinx_xpgui_view_fileset</spirit:name>
      <spirit:file>
        <spirit:name>xgui/amba_ahb_v4_0.tcl</spirit:name>
        <spirit:fileType>tclSource</spirit:fileType>
        <spirit:userFileType>CHECKSUM_36eab1b1</spirit:userFileType>
        <spirit:userFileType>XGUI_VERSION_2</spirit:userFileType>
      </spirit:file>
    </spirit:fileSet>
    <spirit:fileSet>
      <spirit:name>bd_tcl_view_fileset</spirit:name>
      <spirit:file>
        <spirit:name>bd/bd.tcl</spirit:name>
        <spirit:fileType>tclSource</spirit:fileType>
      </spirit:file>
    </spirit:fileSet>
    <spirit:fileSet>
      <spirit:name>xilinx_testbench_view_fileset</spirit:name>
      <spirit:file>
        <spirit:name>src/wrapper_tb_2.v</spirit:name>
        <spirit:fileType>verilogSource</spirit:fileType>
        <spirit:userFileType>USED_IN_simulation</spirit:userFileType>
        <spirit:userFileType>USED_IN_testbench</spirit:userFileType>
      </spirit:file>
      <spirit:file>
        <spirit:name>src/wrapper_tb_2_behav.wcfg</spirit:name>
        <spirit:fileType>unknown</spirit:fileType>
        <spirit:userFileType>USED_IN_simulation</spirit:userFileType>
        <spirit:userFileType>USED_IN_testbench</spirit:userFileType>
      </spirit:file>
    </spirit:fileSet>
  </spirit:fileSets>
  <spirit:description>Three master three slave implementation</spirit:description>
  <spirit:parameters>
    <spirit:parameter>
      <spirit:name>C_S_AXI_DATA_WIDTH</spirit:name>
      <spirit:displayName>C S AXI DATA WIDTH</spirit:displayName>
      <spirit:description>Width of S_AXI data bus</spirit:description>
      <spirit:value spirit:format="long" spirit:resolve="user" spirit:id="PARAM_VALUE.C_S_AXI_DATA_WIDTH" spirit:choiceRef="choice_list_6fc15197" spirit:order="3">32</spirit:value>
      <spirit:vendorExtensions>
        <xilinx:parameterInfo>
          <xilinx:enablement>
            <xilinx:isEnabled xilinx:id="PARAM_ENABLEMENT.C_S_AXI_DATA_WIDTH">false</xilinx:isEnabled>
          </xilinx:enablement>
        </xilinx:parameterInfo>
      </spirit:vendorExtensions>
    </spirit:parameter>
    <spirit:parameter>
      <spirit:name>C_S_AXI_ADDR_WIDTH</spirit:name>
      <spirit:displayName>C S AXI ADDR WIDTH</spirit:displayName>
      <spirit:description>Width of S_AXI address bus</spirit:description>
      <spirit:value spirit:format="long" spirit:resolve="user" spirit:id="PARAM_VALUE.C_S_AXI_ADDR_WIDTH" spirit:order="4" spirit:rangeType="long">6</spirit:value>
      <spirit:vendorExtensions>
        <xilinx:parameterInfo>
          <xilinx:enablement>
            <xilinx:isEnabled xilinx:id="PARAM_ENABLEMENT.C_S_AXI_ADDR_WIDTH">false</xilinx:isEnabled>
          </xilinx:enablement>
        </xilinx:parameterInfo>
      </spirit:vendorExtensions>
    </spirit:parameter>
    <spirit:parameter>
      <spirit:name>C_S_AXI_BASEADDR</spirit:name>
      <spirit:displayName>C S AXI BASEADDR</spirit:displayName>
      <spirit:value spirit:format="bitString" spirit:resolve="user" spirit:id="PARAM_VALUE.C_S_AXI_BASEADDR" spirit:order="5" spirit:bitStringLength="32">0xFFFFFFFF</spirit:value>
      <spirit:vendorExtensions>
        <xilinx:parameterInfo>
          <xilinx:enablement>
            <xilinx:isEnabled xilinx:id="PARAM_ENABLEMENT.C_S_AXI_BASEADDR">false</xilinx:isEnabled>
          </xilinx:enablement>
        </xilinx:parameterInfo>
      </spirit:vendorExtensions>
    </spirit:parameter>
    <spirit:parameter>
      <spirit:name>C_S_AXI_HIGHADDR</spirit:name>
      <spirit:displayName>C S AXI HIGHADDR</spirit:displayName>
      <spirit:value spirit:format="bitString" spirit:resolve="user" spirit:id="PARAM_VALUE.C_S_AXI_HIGHADDR" spirit:order="6" spirit:bitStringLength="32">0x00000000</spirit:value>
      <spirit:vendorExtensions>
        <xilinx:parameterInfo>
          <xilinx:enablement>
            <xilinx:isEnabled xilinx:id="PARAM_ENABLEMENT.C_S_AXI_HIGHADDR">false</xilinx:isEnabled>
          </xilinx:enablement>
        </xilinx:parameterInfo>
      </spirit:vendorExtensions>
    </spirit:parameter>
    <spirit:parameter>
      <spirit:name>Component_Name</spirit:name>
      <spirit:value spirit:resolve="user" spirit:id="PARAM_VALUE.Component_Name" spirit:order="1">amba_ahb_v4_0</spirit:value>
    </spirit:parameter>
  </spirit:parameters>
  <spirit:vendorExtensions>
    <xilinx:coreExtensions>
      <xilinx:supportedFamilies>
        <xilinx:family xilinx:lifeCycle="Pre-Production">zynq</xilinx:family>
      </xilinx:supportedFamilies>
      <xilinx:taxonomies>
        <xilinx:taxonomy>AXI_Peripheral</xilinx:taxonomy>
      </xilinx:taxonomies>
      <xilinx:displayName>amba_ahb_v1.0</xilinx:displayName>
      <xilinx:coreRevision>6</xilinx:coreRevision>
      <xilinx:upgrades>
        <xilinx:canUpgradeFrom>user.org:user:amba_ahb:1.0</xilinx:canUpgradeFrom>
        <xilinx:canUpgradeFrom>user.org:user:amba_ahb:2.0</xilinx:canUpgradeFrom>
        <xilinx:canUpgradeFrom>user.org:user:amba_ahb:3.0</xilinx:canUpgradeFrom>
      </xilinx:upgrades>
      <xilinx:coreCreationDateTime>2023-03-24T09:13:07Z</xilinx:coreCreationDateTime>
      <xilinx:tags>
        <xilinx:tag xilinx:name="ui.data.coregen.dd@1d2093da_ARCHIVE_LOCATION">/home/ransara/Documents/ADS/AHB/deploy_bus/ip_repo/amba_ahb_1.0</xilinx:tag>
        <xilinx:tag xilinx:name="ui.data.coregen.dd@341eaace_ARCHIVE_LOCATION">/home/ransara/Documents/ADS/AHB/deploy_bus/ip_repo/amba_ahb_1.0</xilinx:tag>
        <xilinx:tag xilinx:name="ui.data.coregen.dd@7811a42c_ARCHIVE_LOCATION">/home/ransara/Documents/ADS/AHB/deploy_bus/ip_repo/amba_ahb_1.0</xilinx:tag>
        <xilinx:tag xilinx:name="ui.data.coregen.dd@540ff02a_ARCHIVE_LOCATION">/home/ransara/Documents/ADS/AHB/deploy_bus/ip_repo/amba_ahb_1.0</xilinx:tag>
        <xilinx:tag xilinx:name="ui.data.coregen.dd@17d83c07_ARCHIVE_LOCATION">/home/ransara/Documents/ADS/AHB/deploy_bus/ip_repo/amba_ahb_1.0</xilinx:tag>
        <xilinx:tag xilinx:name="ui.data.coregen.dd@34cd82c7_ARCHIVE_LOCATION">/home/ransara/Documents/ADS/AHB/deploy_bus/ip_repo/amba_ahb_1.0</xilinx:tag>
        <xilinx:tag xilinx:name="ui.data.coregen.dd@310db78_ARCHIVE_LOCATION">/home/ransara/Documents/ADS/AHB/deploy_bus/ip_repo/amba_ahb_1.0</xilinx:tag>
        <xilinx:tag xilinx:name="ui.data.coregen.dd@1c35dc7d_ARCHIVE_LOCATION">/home/ransara/Documents/ADS/AHB/deploy_bus/ip_repo/amba_ahb_1.0</xilinx:tag>
        <xilinx:tag xilinx:name="ui.data.coregen.dd@37c63bed_ARCHIVE_LOCATION">/home/ransara/Documents/ADS/AHB/deploy_bus/ip_repo/amba_ahb_1.0</xilinx:tag>
        <xilinx:tag xilinx:name="ui.data.coregen.dd@5abfaa9c_ARCHIVE_LOCATION">/home/ransara/Documents/ADS/AHB/deploy_bus/ip_repo/amba_ahb_1.0</xilinx:tag>
        <xilinx:tag xilinx:name="ui.data.coregen.dd@7ab528a8_ARCHIVE_LOCATION">/home/ransara/Documents/ADS/AHB/deploy_bus/ip_repo/amba_ahb_1.0</xilinx:tag>
        <xilinx:tag xilinx:name="ui.data.coregen.dd@1f368a03_ARCHIVE_LOCATION">/home/ransara/Documents/ADS/AHB/deploy_bus/ip_repo/amba_ahb_1.0</xilinx:tag>
        <xilinx:tag xilinx:name="ui.data.coregen.dd@5ac7473d_ARCHIVE_LOCATION">/home/ransara/Documents/ADS/AHB/deploy_bus/ip_repo/amba_ahb_1.0</xilinx:tag>
        <xilinx:tag xilinx:name="ui.data.coregen.dd@11aa66d_ARCHIVE_LOCATION">/home/ransara/Documents/ADS/AHB/deploy_bus/ip_repo/amba_ahb_1.0</xilinx:tag>
        <xilinx:tag xilinx:name="ui.data.coregen.dd@22f75be_ARCHIVE_LOCATION">/home/ransara/Documents/ADS/AHB/deploy_bus/ip_repo/amba_ahb_1.0</xilinx:tag>
        <xilinx:tag xilinx:name="ui.data.coregen.dd@63d9ea8c_ARCHIVE_LOCATION">/home/ransara/Documents/ADS/AHB/deploy_bus/ip_repo/amba_ahb_1.0</xilinx:tag>
        <xilinx:tag xilinx:name="ui.data.coregen.dd@3be94f8b_ARCHIVE_LOCATION">/home/ransara/Documents/ADS/AHB/deploy_bus/ip_repo/amba_ahb_1.0</xilinx:tag>
        <xilinx:tag xilinx:name="ui.data.coregen.dd@6e14b635_ARCHIVE_LOCATION">/home/ransara/Documents/ADS/AHB/deploy_bus/ip_repo/amba_ahb_1.0</xilinx:tag>
        <xilinx:tag xilinx:name="ui.data.coregen.dd@1c88cc9a_ARCHIVE_LOCATION">/home/ransara/Documents/ADS/AHB/deploy_bus/ip_repo/amba_ahb_1.0</xilinx:tag>
        <xilinx:tag xilinx:name="ui.data.coregen.dd@525a26cb_ARCHIVE_LOCATION">/home/ransara/Documents/ADS/AHB/deploy_bus/ip_repo/amba_ahb_1.0</xilinx:tag>
        <xilinx:tag xilinx:name="ui.data.coregen.dd@26c77d10_ARCHIVE_LOCATION">/home/ransara/Documents/ADS/AHB/deploy_bus/ip_repo/amba_ahb_1.0</xilinx:tag>
        <xilinx:tag xilinx:name="ui.data.coregen.dd@385d7f5e_ARCHIVE_LOCATION">/home/ransara/Documents/ADS/AHB/deploy_bus/ip_repo/amba_ahb_1.0</xilinx:tag>
        <xilinx:tag xilinx:name="ui.data.coregen.dd@2c23946_ARCHIVE_LOCATION">/home/ransara/Documents/ADS/AHB/deploy_bus/ip_repo/amba_ahb_1.0</xilinx:tag>
        <xilinx:tag xilinx:name="ui.data.coregen.dd@7bd82573_ARCHIVE_LOCATION">/home/ransara/Documents/ADS/AHB/deploy_bus/ip_repo/amba_ahb_1.0</xilinx:tag>
        <xilinx:tag xilinx:name="ui.data.coregen.dd@4376408c_ARCHIVE_LOCATION">/home/ransara/Documents/ADS/AHB/deploy_bus/ip_repo/amba_ahb_1.0</xilinx:tag>
        <xilinx:tag xilinx:name="ui.data.coregen.dd@12b6668e_ARCHIVE_LOCATION">/home/ransara/Documents/ADS/AHB/deploy_bus/ip_repo/amba_ahb_1.0</xilinx:tag>
        <xilinx:tag xilinx:name="ui.data.coregen.dd@255c9a11_ARCHIVE_LOCATION">/home/ransara/Documents/ADS/AHB/deploy_bus/ip_repo/amba_ahb_1.0</xilinx:tag>
        <xilinx:tag xilinx:name="ui.data.coregen.dd@3d811f89_ARCHIVE_LOCATION">/home/ransara/Documents/ADS/AHB/deploy_bus/ip_repo/amba_ahb_1.0</xilinx:tag>
        <xilinx:tag xilinx:name="ui.data.coregen.dd@1795e10e_ARCHIVE_LOCATION">/home/ransara/Documents/ADS/AHB/deploy_bus/ip_repo/amba_ahb_1.0</xilinx:tag>
        <xilinx:tag xilinx:name="ui.data.coregen.dd@34bebef6_ARCHIVE_LOCATION">/home/ransara/Documents/ADS/AHB/deploy_bus/ip_repo/amba_ahb_1.0</xilinx:tag>
        <xilinx:tag xilinx:name="ui.data.coregen.dd@788f3e4f_ARCHIVE_LOCATION">/home/ransara/Documents/ADS/AHB/deploy_bus/ip_repo/amba_ahb_1.0</xilinx:tag>
        <xilinx:tag xilinx:name="ui.data.coregen.dd@4068e1ca_ARCHIVE_LOCATION">/home/ransara/Documents/ADS/AHB/deploy_bus/ip_repo/amba_ahb_1.0</xilinx:tag>
        <xilinx:tag xilinx:name="ui.data.coregen.dd@18458689_ARCHIVE_LOCATION">/home/ransara/Documents/ADS/AHB/deploy_bus/ip_repo/amba_ahb_1.0</xilinx:tag>
        <xilinx:tag xilinx:name="ui.data.coregen.dd@651b830e_ARCHIVE_LOCATION">/home/ransara/Documents/ADS/AHB/deploy_bus/ip_repo/amba_ahb_1.0</xilinx:tag>
        <xilinx:tag xilinx:name="ui.data.coregen.dd@26feab76_ARCHIVE_LOCATION">/home/ransara/Documents/ADS/AHB/deploy_bus/ip_repo/amba_ahb_1.0</xilinx:tag>
        <xilinx:tag xilinx:name="ui.data.coregen.dd@70b14cf2_ARCHIVE_LOCATION">/home/ransara/Documents/ADS/AHB/deploy_bus/ip_repo/amba_ahb_1.0</xilinx:tag>
        <xilinx:tag xilinx:name="ui.data.coregen.dd@2f00d646_ARCHIVE_LOCATION">/home/ransara/Documents/ADS/AHB/deploy_bus/ip_repo/amba_ahb_1.0</xilinx:tag>
        <xilinx:tag xilinx:name="ui.data.coregen.dd@729ca825_ARCHIVE_LOCATION">/home/ransara/Documents/ADS/AHB/deploy_bus/ip_repo/amba_ahb_1.0</xilinx:tag>
        <xilinx:tag xilinx:name="ui.data.coregen.dd@8eb16e_ARCHIVE_LOCATION">/home/ransara/Documents/ADS/AHB/deploy_bus/ip_repo/amba_ahb_1.0</xilinx:tag>
        <xilinx:tag xilinx:name="ui.data.coregen.dd@5b8db691_ARCHIVE_LOCATION">/home/ransara/Documents/ADS/AHB/deploy_bus/ip_repo/amba_ahb_1.0</xilinx:tag>
        <xilinx:tag xilinx:name="ui.data.coregen.dd@75897750_ARCHIVE_LOCATION">/home/ransara/Documents/ADS/AHB/deploy_bus/ip_repo/amba_ahb_1.0</xilinx:tag>
        <xilinx:tag xilinx:name="ui.data.coregen.dd@17f4f279_ARCHIVE_LOCATION">/home/ransara/Documents/ADS/AHB/deploy_bus/ip_repo/amba_ahb_1.0</xilinx:tag>
        <xilinx:tag xilinx:name="ui.data.coregen.dd@41dac706_ARCHIVE_LOCATION">/home/ransara/Documents/ADS/AHB/deploy_bus/ip_repo/amba_ahb_1.0</xilinx:tag>
        <xilinx:tag xilinx:name="ui.data.coregen.dd@7464306c_ARCHIVE_LOCATION">/home/ransara/Documents/ADS/AHB/deploy_bus/ip_repo/amba_ahb_1.0</xilinx:tag>
        <xilinx:tag xilinx:name="ui.data.coregen.dd@1244a7_ARCHIVE_LOCATION">/home/ransara/Documents/ADS/AHB/deploy_bus/ip_repo/amba_ahb_1.0</xilinx:tag>
        <xilinx:tag xilinx:name="ui.data.coregen.dd@3f9e4bd9_ARCHIVE_LOCATION">/home/ransara/Documents/ADS/AHB/deploy_bus/ip_repo/amba_ahb_1.0</xilinx:tag>
        <xilinx:tag xilinx:name="ui.data.coregen.dd@28705ab5_ARCHIVE_LOCATION">/home/ransara/Documents/ADS/AHB/deploy_bus/ip_repo/amba_ahb_1.0</xilinx:tag>
        <xilinx:tag xilinx:name="ui.data.coregen.dd@5f155721_ARCHIVE_LOCATION">/home/ransara/Documents/ADS/AHB/deploy_bus/ip_repo/amba_ahb_1.0</xilinx:tag>
        <xilinx:tag xilinx:name="ui.data.coregen.dd@21eccc6a_ARCHIVE_LOCATION">/home/ransara/Documents/ADS/AHB/deploy_bus/ip_repo/amba_ahb_1.0</xilinx:tag>
        <xilinx:tag xilinx:name="ui.data.coregen.dd@3d3f6843_ARCHIVE_LOCATION">/home/ransara/Documents/ADS/AHB/deploy_bus/ip_repo/amba_ahb_1.0</xilinx:tag>
        <xilinx:tag xilinx:name="ui.data.coregen.dd@4a10ec99_ARCHIVE_LOCATION">/home/ransara/Documents/ADS/AHB/deploy_bus/ip_repo/amba_ahb_1.0</xilinx:tag>
        <xilinx:tag xilinx:name="ui.data.coregen.dd@25061eb3_ARCHIVE_LOCATION">/home/ransara/Documents/ADS/AHB/deploy_bus/ip_repo/amba_ahb_1.0</xilinx:tag>
        <xilinx:tag xilinx:name="ui.data.coregen.dd@2ee168b3_ARCHIVE_LOCATION">/home/ransara/Documents/ADS/AHB/deploy_bus/ip_repo/amba_ahb_1.0</xilinx:tag>
        <xilinx:tag xilinx:name="ui.data.coregen.dd@d96b269_ARCHIVE_LOCATION">/home/ransara/Documents/ADS/AHB/deploy_bus/ip_repo/amba_ahb_1.0</xilinx:tag>
        <xilinx:tag xilinx:name="ui.data.coregen.dd@6cc3011_ARCHIVE_LOCATION">/home/ransara/Documents/ADS/AHB/deploy_bus/ip_repo/amba_ahb_1.0</xilinx:tag>
        <xilinx:tag xilinx:name="ui.data.coregen.dd@14960756_ARCHIVE_LOCATION">/home/ransara/Documents/ADS/AHB/deploy_bus/ip_repo/amba_ahb_1.0</xilinx:tag>
        <xilinx:tag xilinx:name="ui.data.coregen.dd@1f605e45_ARCHIVE_LOCATION">/home/ransara/Documents/ADS/AHB/deploy_bus/ip_repo/amba_ahb_1.0</xilinx:tag>
        <xilinx:tag xilinx:name="ui.data.coregen.dd@4f03198f_ARCHIVE_LOCATION">/home/ransara/Documents/ADS/AHB/deploy_bus/ip_repo/amba_ahb_1.0</xilinx:tag>
        <xilinx:tag xilinx:name="ui.data.coregen.dd@7224694f_ARCHIVE_LOCATION">/home/ransara/Documents/ADS/AHB/deploy_bus/ip_repo/amba_ahb_1.0</xilinx:tag>
        <xilinx:tag xilinx:name="ui.data.coregen.dd@26f3296e_ARCHIVE_LOCATION">/home/ransara/Documents/ADS/AHB/deploy_bus/ip_repo/amba_ahb_1.0</xilinx:tag>
        <xilinx:tag xilinx:name="ui.data.coregen.dd@64ecba71_ARCHIVE_LOCATION">/home/ransara/Documents/ADS/AHB/deploy_bus/ip_repo/amba_ahb_1.0</xilinx:tag>
        <xilinx:tag xilinx:name="ui.data.coregen.dd@53fd9789_ARCHIVE_LOCATION">/home/ransara/Documents/ADS/AHB/deploy_bus/ip_repo/amba_ahb_1.0</xilinx:tag>
        <xilinx:tag xilinx:name="ui.data.coregen.dd@44c228e8_ARCHIVE_LOCATION">/home/ransara/Documents/ADS/AHB/deploy_bus/ip_repo/amba_ahb_1.0</xilinx:tag>
        <xilinx:tag xilinx:name="ui.data.coregen.dd@6c2b9d77_ARCHIVE_LOCATION">/home/ransara/Documents/ADS/AHB/deploy_bus/ip_repo/amba_ahb_1.0</xilinx:tag>
        <xilinx:tag xilinx:name="ui.data.coregen.dd@32376502_ARCHIVE_LOCATION">/home/ransara/Documents/ADS/AHB/deploy_bus/ip_repo/amba_ahb_1.0</xilinx:tag>
        <xilinx:tag xilinx:name="ui.data.coregen.dd@379b2e03_ARCHIVE_LOCATION">/home/ransara/Documents/ADS/AHB/deploy_bus/ip_repo/amba_ahb_1.0</xilinx:tag>
        <xilinx:tag xilinx:name="ui.data.coregen.dd@5daeabb4_ARCHIVE_LOCATION">/home/ransara/Documents/ADS/AHB/deploy_bus/ip_repo/amba_ahb_1.0</xilinx:tag>
        <xilinx:tag xilinx:name="ui.data.coregen.dd@4cf7d9c8_ARCHIVE_LOCATION">/home/ransara/Documents/ADS/AHB/deploy_bus/ip_repo/amba_ahb_1.0</xilinx:tag>
        <xilinx:tag xilinx:name="ui.data.coregen.dd@791d1f32_ARCHIVE_LOCATION">/home/ransara/Documents/ADS/AHB/deploy_bus/ip_repo/amba_ahb_1.0</xilinx:tag>
        <xilinx:tag xilinx:name="ui.data.coregen.dd@6ddcae10_ARCHIVE_LOCATION">/home/ransara/Documents/ADS/AHB/deploy_bus/ip_repo/amba_ahb_1.0</xilinx:tag>
        <xilinx:tag xilinx:name="ui.data.coregen.dd@f1f713e_ARCHIVE_LOCATION">/home/ransara/Documents/ADS/AHB/deploy_bus/ip_repo/amba_ahb_1.0</xilinx:tag>
        <xilinx:tag xilinx:name="ui.data.coregen.dd@6676b26c_ARCHIVE_LOCATION">/home/ransara/Documents/ADS/AHB/deploy_bus/ip_repo/amba_ahb_1.0</xilinx:tag>
        <xilinx:tag xilinx:name="ui.data.coregen.dd@349fd1ef_ARCHIVE_LOCATION">/home/ransara/Documents/ADS/AHB/deploy_bus/ip_repo/amba_ahb_1.0</xilinx:tag>
        <xilinx:tag xilinx:name="ui.data.coregen.dd@26cc8065_ARCHIVE_LOCATION">/home/ransara/Documents/ADS/AHB/deploy_bus/ip_repo/amba_ahb_1.0</xilinx:tag>
        <xilinx:tag xilinx:name="ui.data.coregen.dd@451b8ef2_ARCHIVE_LOCATION">/home/ransara/Documents/ADS/AHB/deploy_bus/ip_repo/amba_ahb_1.0</xilinx:tag>
        <xilinx:tag xilinx:name="ui.data.coregen.dd@7e625e1_ARCHIVE_LOCATION">/home/ransara/Documents/ADS/AHB/deploy_bus/ip_repo/amba_ahb_1.0</xilinx:tag>
        <xilinx:tag xilinx:name="ui.data.coregen.dd@1767e0ea_ARCHIVE_LOCATION">/home/ransara/Documents/ADS/AHB/deploy_bus/ip_repo/amba_ahb_1.0</xilinx:tag>
        <xilinx:tag xilinx:name="ui.data.coregen.dd@51ae9bb3_ARCHIVE_LOCATION">/home/ransara/Documents/ADS/AHB/deploy_bus/ip_repo/amba_ahb_1.0</xilinx:tag>
        <xilinx:tag xilinx:name="ui.data.coregen.dd@6d3eaba3_ARCHIVE_LOCATION">/home/ransara/Documents/ADS/AHB/deploy_bus/ip_repo/amba_ahb_1.0</xilinx:tag>
        <xilinx:tag xilinx:name="ui.data.coregen.dd@35b5beb1_ARCHIVE_LOCATION">/home/ransara/Documents/ADS/AHB/deploy_bus/ip_repo/amba_ahb_1.0</xilinx:tag>
        <xilinx:tag xilinx:name="ui.data.coregen.dd@38d858b0_ARCHIVE_LOCATION">/home/ransara/Documents/ADS/AHB/deploy_bus/ip_repo/amba_ahb_1.0</xilinx:tag>
        <xilinx:tag xilinx:name="ui.data.coregen.dd@a953f0b_ARCHIVE_LOCATION">/home/ransara/Documents/ADS/AHB/deploy_bus/ip_repo/amba_ahb_1.0</xilinx:tag>
        <xilinx:tag xilinx:name="ui.data.coregen.dd@a4a487f_ARCHIVE_LOCATION">/home/ransara/Documents/ADS/AHB/deploy_bus/ip_repo/amba_ahb_1.0</xilinx:tag>
        <xilinx:tag xilinx:name="ui.data.coregen.dd@44234d40_ARCHIVE_LOCATION">/home/ransara/Documents/ADS/AHB/deploy_bus/ip_repo/amba_ahb_1.0</xilinx:tag>
        <xilinx:tag xilinx:name="ui.data.coregen.dd@7ee8bed1_ARCHIVE_LOCATION">/home/ransara/Documents/ADS/AHB/deploy_bus/ip_repo/amba_ahb_1.0</xilinx:tag>
        <xilinx:tag xilinx:name="ui.data.coregen.dd@220295de_ARCHIVE_LOCATION">/home/ransara/Documents/ADS/AHB/deploy_bus/ip_repo/amba_ahb_1.0</xilinx:tag>
        <xilinx:tag xilinx:name="ui.data.coregen.dd@6deddfd0_ARCHIVE_LOCATION">/home/ransara/Documents/ADS/AHB/deploy_bus/ip_repo/amba_ahb_1.0</xilinx:tag>
        <xilinx:tag xilinx:name="ui.data.coregen.dd@1dfc0a05_ARCHIVE_LOCATION">/home/ransara/Documents/ADS/AHB/deploy_bus/ip_repo/amba_ahb_1.0</xilinx:tag>
        <xilinx:tag xilinx:name="ui.data.coregen.dd@688cd575_ARCHIVE_LOCATION">/home/ransara/Documents/ADS/AHB/deploy_bus/ip_repo/amba_ahb_1.0</xilinx:tag>
        <xilinx:tag xilinx:name="ui.data.coregen.dd@5ed30095_ARCHIVE_LOCATION">/home/ransara/Documents/ADS/AHB/deploy_bus/ip_repo/amba_ahb_1.0</xilinx:tag>
        <xilinx:tag xilinx:name="ui.data.coregen.dd@306c12ff_ARCHIVE_LOCATION">/home/ransara/Documents/ADS/AHB/deploy_bus/ip_repo/amba_ahb_1.0</xilinx:tag>
        <xilinx:tag xilinx:name="ui.data.coregen.dd@3286a628_ARCHIVE_LOCATION">/home/ransara/Documents/ADS/AHB/deploy_bus/ip_repo/amba_ahb_1.0</xilinx:tag>
        <xilinx:tag xilinx:name="ui.data.coregen.dd@69fbb10f_ARCHIVE_LOCATION">/home/ransara/Documents/ADS/AHB/deploy_bus/ip_repo/amba_ahb_1.0</xilinx:tag>
        <xilinx:tag xilinx:name="ui.data.coregen.dd@138dc36a_ARCHIVE_LOCATION">/home/ransara/Documents/ADS/AHB/deploy_bus/ip_repo/amba_ahb_1.0</xilinx:tag>
        <xilinx:tag xilinx:name="ui.data.coregen.dd@16890b83_ARCHIVE_LOCATION">/home/ransara/Documents/ADS/AHB/deploy_bus/ip_repo/amba_ahb_1.0</xilinx:tag>
        <xilinx:tag xilinx:name="ui.data.coregen.dd@6a99f547_ARCHIVE_LOCATION">/home/ransara/Documents/ADS/AHB/deploy_bus/ip_repo/amba_ahb_1.0</xilinx:tag>
        <xilinx:tag xilinx:name="ui.data.coregen.dd@60556398_ARCHIVE_LOCATION">/home/ransara/Documents/ADS/AHB/deploy_bus/ip_repo/amba_ahb_1.0</xilinx:tag>
        <xilinx:tag xilinx:name="ui.data.coregen.dd@3c0916df_ARCHIVE_LOCATION">/home/ransara/Documents/ADS/AHB/deploy_bus/ip_repo/amba_ahb_1.0</xilinx:tag>
        <xilinx:tag xilinx:name="ui.data.coregen.dd@4b42150a_ARCHIVE_LOCATION">/home/ransara/Documents/ADS/AHB/deploy_bus/ip_repo/amba_ahb_1.0</xilinx:tag>
        <xilinx:tag xilinx:name="ui.data.coregen.dd@3600d4e5_ARCHIVE_LOCATION">/home/ransara/Documents/ADS/AHB/deploy_bus/ip_repo/amba_ahb_1.0</xilinx:tag>
        <xilinx:tag xilinx:name="ui.data.coregen.dd@20fdd7be_ARCHIVE_LOCATION">/home/ransara/Documents/ADS/AHB/deploy_bus/ip_repo/amba_ahb_1.0</xilinx:tag>
        <xilinx:tag xilinx:name="ui.data.coregen.dd@1736ec5c_ARCHIVE_LOCATION">/home/ransara/Documents/ADS/AHB/deploy_bus/ip_repo/amba_ahb_1.0</xilinx:tag>
        <xilinx:tag xilinx:name="ui.data.coregen.dd@72c576fc_ARCHIVE_LOCATION">/home/ransara/Documents/ADS/AHB/deploy_bus/ip_repo/amba_ahb_1.0</xilinx:tag>
        <xilinx:tag xilinx:name="ui.data.coregen.dd@593d0263_ARCHIVE_LOCATION">/home/ransara/Documents/ADS/AHB/deploy_bus/ip_repo/amba_ahb_1.0</xilinx:tag>
        <xilinx:tag xilinx:name="ui.data.coregen.dd@48b772ed_ARCHIVE_LOCATION">/home/ransara/Documents/ADS/AHB/deploy_bus/ip_repo/amba_ahb_1.0</xilinx:tag>
        <xilinx:tag xilinx:name="ui.data.coregen.dd@3607dde8_ARCHIVE_LOCATION">/home/ransara/Documents/ADS/AHB/deploy_bus/ip_repo/amba_ahb_1.0</xilinx:tag>
        <xilinx:tag xilinx:name="ui.data.coregen.dd@5da19bf0_ARCHIVE_LOCATION">/home/ransara/Documents/ADS/AHB/deploy_bus/ip_repo/amba_ahb_1.0</xilinx:tag>
        <xilinx:tag xilinx:name="ui.data.coregen.dd@37a6bb36_ARCHIVE_LOCATION">/home/ransara/Documents/ADS/AHB/deploy_bus/ip_repo/amba_ahb_1.0</xilinx:tag>
        <xilinx:tag xilinx:name="ui.data.coregen.dd@53cff0db_ARCHIVE_LOCATION">/home/ransara/Documents/ADS/AHB/deploy_bus/ip_repo/amba_ahb_1.0</xilinx:tag>
        <xilinx:tag xilinx:name="ui.data.coregen.dd@6b8eeb67_ARCHIVE_LOCATION">/home/ransara/Documents/ADS/AHB/deploy_bus/ip_repo/amba_ahb_1.0</xilinx:tag>
        <xilinx:tag xilinx:name="ui.data.coregen.dd@6b5a97e7_ARCHIVE_LOCATION">/home/ransara/Documents/ADS/AHB/deploy_bus/ip_repo/amba_ahb_1.0</xilinx:tag>
        <xilinx:tag xilinx:name="ui.data.coregen.dd@5f240023_ARCHIVE_LOCATION">/home/ransara/Documents/ADS/AHB/deploy_bus/ip_repo/amba_ahb_1.0</xilinx:tag>
        <xilinx:tag xilinx:name="ui.data.coregen.dd@77b4ac57_ARCHIVE_LOCATION">/home/ransara/Documents/ADS/AHB/deploy_bus/ip_repo/amba_ahb_1.0</xilinx:tag>
        <xilinx:tag xilinx:name="ui.data.coregen.dd@5e88d151_ARCHIVE_LOCATION">/home/ransara/Documents/ADS/AHB/deploy_bus/ip_repo/amba_ahb_1.0</xilinx:tag>
        <xilinx:tag xilinx:name="ui.data.coregen.dd@13c4cd7b_ARCHIVE_LOCATION">/home/ransara/Documents/ADS/AHB/deploy_bus/ip_repo/amba_ahb_1.0</xilinx:tag>
        <xilinx:tag xilinx:name="ui.data.coregen.dd@27bc2349_ARCHIVE_LOCATION">/home/ransara/Documents/ADS/AHB/deploy_bus/ip_repo/amba_ahb_1.0</xilinx:tag>
        <xilinx:tag xilinx:name="ui.data.coregen.dd@3c2d600d_ARCHIVE_LOCATION">/home/ransara/Documents/ADS/AHB/deploy_bus/ip_repo/amba_ahb_1.0</xilinx:tag>
        <xilinx:tag xilinx:name="ui.data.coregen.dd@1552b3d_ARCHIVE_LOCATION">/home/ransara/Documents/ADS/AHB/deploy_bus/ip_repo/amba_ahb_1.0</xilinx:tag>
        <xilinx:tag xilinx:name="ui.data.coregen.dd@362fcf9d_ARCHIVE_LOCATION">/home/ransara/Documents/ADS/AHB/deploy_bus/ip_repo/amba_ahb_1.0</xilinx:tag>
        <xilinx:tag xilinx:name="ui.data.coregen.dd@4f64e87a_ARCHIVE_LOCATION">/home/ransara/Documents/ADS/AHB/deploy_bus/ip_repo/amba_ahb_1.0</xilinx:tag>
        <xilinx:tag xilinx:name="ui.data.coregen.dd@3a10a44c_ARCHIVE_LOCATION">/home/ransara/Documents/ADS/AHB/deploy_bus/ip_repo/amba_ahb_1.0</xilinx:tag>
        <xilinx:tag xilinx:name="ui.data.coregen.dd@1661c775_ARCHIVE_LOCATION">/home/ransara/Documents/ADS/AHB/deploy_bus/ip_repo/amba_ahb_1.0</xilinx:tag>
        <xilinx:tag xilinx:name="ui.data.coregen.dd@247c4d34_ARCHIVE_LOCATION">/home/ransara/Documents/ADS/AHB/deploy_bus/ip_repo/amba_ahb_1.0</xilinx:tag>
        <xilinx:tag xilinx:name="ui.data.coregen.dd@485d5ee2_ARCHIVE_LOCATION">/home/ransara/Documents/ADS/AHB/deploy_bus/ip_repo/amba_ahb_1.0</xilinx:tag>
        <xilinx:tag xilinx:name="ui.data.coregen.dd@49e31e64_ARCHIVE_LOCATION">/home/ransara/Documents/ADS/AHB/deploy_bus/ip_repo/amba_ahb_1.0</xilinx:tag>
        <xilinx:tag xilinx:name="ui.data.coregen.dd@450d73c1_ARCHIVE_LOCATION">/home/ransara/Documents/ADS/AHB/deploy_bus/ip_repo/amba_ahb_1.0</xilinx:tag>
        <xilinx:tag xilinx:name="ui.data.coregen.dd@451019ef_ARCHIVE_LOCATION">/home/ransara/Documents/ADS/AHB/deploy_bus/ip_repo/amba_ahb_1.0</xilinx:tag>
        <xilinx:tag xilinx:name="ui.data.coregen.dd@391d053f_ARCHIVE_LOCATION">/home/ransara/Documents/ADS/AHB/deploy_bus/ip_repo/amba_ahb_1.0</xilinx:tag>
        <xilinx:tag xilinx:name="ui.data.coregen.dd@5c9e5039_ARCHIVE_LOCATION">/home/ransara/Documents/ADS/AHB/deploy_bus/ip_repo/amba_ahb_1.0</xilinx:tag>
        <xilinx:tag xilinx:name="ui.data.coregen.dd@6cacfeba_ARCHIVE_LOCATION">/home/ransara/Documents/ADS/AHB/deploy_bus/ip_repo/amba_ahb_1.0</xilinx:tag>
        <xilinx:tag xilinx:name="ui.data.coregen.dd@2fd97f4c_ARCHIVE_LOCATION">/home/ransara/Documents/ADS/AHB/deploy_bus/ip_repo/amba_ahb_1.0</xilinx:tag>
        <xilinx:tag xilinx:name="ui.data.coregen.dd@2304bcd5_ARCHIVE_LOCATION">/home/ransara/Documents/ADS/AHB/deploy_bus/ip_repo/amba_ahb_1.0</xilinx:tag>
        <xilinx:tag xilinx:name="ui.data.coregen.dd@1d98d0c_ARCHIVE_LOCATION">/home/ransara/Documents/ADS/AHB/deploy_bus/ip_repo/amba_ahb_1.0</xilinx:tag>
        <xilinx:tag xilinx:name="ui.data.coregen.dd@13d443f1_ARCHIVE_LOCATION">/home/ransara/Documents/ADS/AHB/deploy_bus/ip_repo/amba_ahb_1.0</xilinx:tag>
        <xilinx:tag xilinx:name="ui.data.coregen.dd@606e720b_ARCHIVE_LOCATION">/home/ransara/Documents/ADS/AHB/deploy_bus/ip_repo/amba_ahb_1.0</xilinx:tag>
        <xilinx:tag xilinx:name="ui.data.coregen.dd@393edb5c_ARCHIVE_LOCATION">/home/ransara/Documents/ADS/AHB/deploy_bus/ip_repo/amba_ahb_1.0</xilinx:tag>
        <xilinx:tag xilinx:name="ui.data.coregen.dd@75eb2bd5_ARCHIVE_LOCATION">/home/ransara/Documents/ADS/AHB/deploy_bus/ip_repo/amba_ahb_1.0</xilinx:tag>
        <xilinx:tag xilinx:name="ui.data.coregen.dd@7329d614_ARCHIVE_LOCATION">/home/ransara/Documents/ADS/AHB/deploy_bus/ip_repo/amba_ahb_1.0</xilinx:tag>
        <xilinx:tag xilinx:name="ui.data.coregen.dd@811c0ad_ARCHIVE_LOCATION">/home/ransara/Documents/ADS/AHB/deploy_bus/ip_repo/amba_ahb_1.0</xilinx:tag>
        <xilinx:tag xilinx:name="ui.data.coregen.dd@3801635f_ARCHIVE_LOCATION">/home/ransara/Documents/ADS/AHB/deploy_bus/ip_repo/amba_ahb_1.0</xilinx:tag>
        <xilinx:tag xilinx:name="ui.data.coregen.dd@736efa8a_ARCHIVE_LOCATION">/home/ransara/Documents/ADS/AHB/deploy_bus/ip_repo/amba_ahb_1.0</xilinx:tag>
        <xilinx:tag xilinx:name="ui.data.coregen.dd@5b4d90b_ARCHIVE_LOCATION">/home/ransara/Documents/ADS/AHB/deploy_bus/ip_repo/amba_ahb_1.0</xilinx:tag>
        <xilinx:tag xilinx:name="ui.data.coregen.dd@2188aaef_ARCHIVE_LOCATION">/home/ransara/Documents/ADS/AHB/deploy_bus/ip_repo/amba_ahb_1.0</xilinx:tag>
        <xilinx:tag xilinx:name="ui.data.coregen.dd@56060142_ARCHIVE_LOCATION">/home/ransara/Documents/ADS/AHB/deploy_bus/ip_repo/amba_ahb_1.0</xilinx:tag>
        <xilinx:tag xilinx:name="ui.data.coregen.dd@d663def_ARCHIVE_LOCATION">/home/ransara/Documents/ADS/AHB/deploy_bus/ip_repo/amba_ahb_1.0</xilinx:tag>
        <xilinx:tag xilinx:name="ui.data.coregen.dd@7e9bf094_ARCHIVE_LOCATION">/home/ransara/Documents/ADS/AHB/deploy_bus/ip_repo/amba_ahb_1.0</xilinx:tag>
        <xilinx:tag xilinx:name="ui.data.coregen.dd@5e809519_ARCHIVE_LOCATION">/home/ransara/Documents/ADS/AHB/deploy_bus/ip_repo/amba_ahb_1.0</xilinx:tag>
        <xilinx:tag xilinx:name="ui.data.coregen.dd@7e907dd3_ARCHIVE_LOCATION">/home/ransara/Documents/ADS/AHB/deploy_bus/ip_repo/amba_ahb_1.0</xilinx:tag>
        <xilinx:tag xilinx:name="ui.data.coregen.dd@5b0076b8_ARCHIVE_LOCATION">/home/ransara/Documents/ADS/AHB/deploy_bus/ip_repo/amba_ahb_1.0</xilinx:tag>
        <xilinx:tag xilinx:name="ui.data.coregen.dd@7586e5d4_ARCHIVE_LOCATION">/home/ransara/Documents/ADS/AHB/deploy_bus/ip_repo/amba_ahb_1.0</xilinx:tag>
        <xilinx:tag xilinx:name="ui.data.coregen.dd@4314614f_ARCHIVE_LOCATION">/home/ransara/Documents/ADS/AHB/deploy_bus/ip_repo/amba_ahb_1.0</xilinx:tag>
        <xilinx:tag xilinx:name="ui.data.coregen.dd@68753d0d_ARCHIVE_LOCATION">/home/ransara/Documents/ADS/AHB/deploy_bus/ip_repo/amba_ahb_1.0</xilinx:tag>
        <xilinx:tag xilinx:name="ui.data.coregen.dd@78df20bf_ARCHIVE_LOCATION">/home/ransara/Documents/ADS/AHB/deploy_bus/ip_repo/amba_ahb_1.0</xilinx:tag>
        <xilinx:tag xilinx:name="ui.data.coregen.dd@65aaabe3_ARCHIVE_LOCATION">/home/ransara/Documents/ADS/AHB/deploy_bus/ip_repo/amba_ahb_1.0</xilinx:tag>
        <xilinx:tag xilinx:name="ui.data.coregen.dd@31de74cb_ARCHIVE_LOCATION">/home/ransara/Documents/ADS/AHB/deploy_bus/ip_repo/amba_ahb_1.0</xilinx:tag>
        <xilinx:tag xilinx:name="ui.data.coregen.dd@44359670_ARCHIVE_LOCATION">/home/ransara/Documents/ADS/AHB/deploy_bus/ip_repo/amba_ahb_1.0</xilinx:tag>
        <xilinx:tag xilinx:name="ui.data.coregen.dd@49707c3a_ARCHIVE_LOCATION">/home/ransara/Documents/ADS/AHB/deploy_bus/ip_repo/amba_ahb_1.0</xilinx:tag>
        <xilinx:tag xilinx:name="ui.data.coregen.dd@223b10ff_ARCHIVE_LOCATION">/home/ransara/Documents/ADS/AHB/deploy_bus/ip_repo/amba_ahb_1.0</xilinx:tag>
        <xilinx:tag xilinx:name="ui.data.coregen.dd@29435e4e_ARCHIVE_LOCATION">/home/ransara/Documents/ADS/AHB/deploy_bus/ip_repo/amba_ahb_1.0</xilinx:tag>
        <xilinx:tag xilinx:name="ui.data.coregen.dd@65d99fe3_ARCHIVE_LOCATION">/home/ransara/Documents/ADS/AHB/deploy_bus/ip_repo/amba_ahb_1.0</xilinx:tag>
        <xilinx:tag xilinx:name="ui.data.coregen.dd@18d39da9_ARCHIVE_LOCATION">/home/ransara/Documents/ADS/AHB/deploy_bus/ip_repo/amba_ahb_1.0</xilinx:tag>
        <xilinx:tag xilinx:name="ui.data.coregen.dd@19509501_ARCHIVE_LOCATION">/home/ransara/Documents/ADS/AHB/deploy_bus/ip_repo/amba_ahb_1.0</xilinx:tag>
        <xilinx:tag xilinx:name="ui.data.coregen.dd@381789db_ARCHIVE_LOCATION">/home/ransara/Documents/ADS/AHB/deploy_bus/ip_repo/amba_ahb_1.0</xilinx:tag>
        <xilinx:tag xilinx:name="ui.data.coregen.dd@491d60ba_ARCHIVE_LOCATION">/home/ransara/Documents/ADS/AHB/deploy_bus/ip_repo/amba_ahb_1.0</xilinx:tag>
        <xilinx:tag xilinx:name="ui.data.coregen.dd@1cf6ed36_ARCHIVE_LOCATION">/home/ransara/Documents/ADS/AHB/deploy_bus/ip_repo/amba_ahb_1.0</xilinx:tag>
        <xilinx:tag xilinx:name="ui.data.coregen.dd@356064ce_ARCHIVE_LOCATION">/home/ransara/Documents/ADS/AHB/deploy_bus/ip_repo/amba_ahb_1.0</xilinx:tag>
        <xilinx:tag xilinx:name="ui.data.coregen.dd@b91d5bd_ARCHIVE_LOCATION">/home/ransara/Documents/ADS/AHB/deploy_bus/ip_repo/amba_ahb_1.0</xilinx:tag>
        <xilinx:tag xilinx:name="ui.data.coregen.dd@5448f3ea_ARCHIVE_LOCATION">/home/ransara/Documents/ADS/AHB/deploy_bus/ip_repo/amba_ahb_1.0</xilinx:tag>
        <xilinx:tag xilinx:name="ui.data.coregen.dd@3457308c_ARCHIVE_LOCATION">/home/ransara/Documents/ADS/AHB/deploy_bus/ip_repo/amba_ahb_1.0</xilinx:tag>
        <xilinx:tag xilinx:name="ui.data.coregen.dd@2b0b0d48_ARCHIVE_LOCATION">/home/ransara/Documents/ADS/AHB/deploy_bus/ip_repo/amba_ahb_1.0</xilinx:tag>
        <xilinx:tag xilinx:name="ui.data.coregen.dd@7074ae40_ARCHIVE_LOCATION">/home/ransara/Documents/ADS/AHB/deploy_bus/ip_repo/amba_ahb_1.0</xilinx:tag>
        <xilinx:tag xilinx:name="ui.data.coregen.dd@7507121b_ARCHIVE_LOCATION">/home/ransara/Documents/ADS/AHB/deploy_bus/ip_repo/amba_ahb_1.0</xilinx:tag>
        <xilinx:tag xilinx:name="ui.data.coregen.dd@35560990_ARCHIVE_LOCATION">/home/ransara/Documents/ADS/AHB/deploy_bus/ip_repo/amba_ahb_1.0</xilinx:tag>
        <xilinx:tag xilinx:name="ui.data.coregen.dd@2c99d473_ARCHIVE_LOCATION">/home/ransara/Documents/ADS/AHB/deploy_bus/ip_repo/amba_ahb_1.0</xilinx:tag>
        <xilinx:tag xilinx:name="ui.data.coregen.dd@7c68cb95_ARCHIVE_LOCATION">/home/ransara/Documents/ADS/AHB/deploy_bus/ip_repo/amba_ahb_1.0</xilinx:tag>
        <xilinx:tag xilinx:name="ui.data.coregen.dd@4112662f_ARCHIVE_LOCATION">/home/ransara/Documents/ADS/AHB/deploy_bus/ip_repo/amba_ahb_1.0</xilinx:tag>
        <xilinx:tag xilinx:name="ui.data.coregen.dd@6ce4063d_ARCHIVE_LOCATION">/home/ransara/Documents/ADS/AHB/deploy_bus/ip_repo/amba_ahb_1.0</xilinx:tag>
        <xilinx:tag xilinx:name="ui.data.coregen.dd@529ce64e_ARCHIVE_LOCATION">/home/ransara/Documents/ADS/AHB/deploy_bus/ip_repo/amba_ahb_1.0</xilinx:tag>
        <xilinx:tag xilinx:name="ui.data.coregen.dd@165e142_ARCHIVE_LOCATION">/home/ransara/Documents/ADS/AHB/deploy_bus/ip_repo/amba_ahb_1.0</xilinx:tag>
        <xilinx:tag xilinx:name="ui.data.coregen.dd@77e77d8c_ARCHIVE_LOCATION">/home/ransara/Documents/ADS/AHB/deploy_bus/ip_repo/amba_ahb_1.0</xilinx:tag>
        <xilinx:tag xilinx:name="ui.data.coregen.dd@295bbbcd_ARCHIVE_LOCATION">/home/ransara/Documents/ADS/AHB/deploy_bus/ip_repo/amba_ahb_1.0</xilinx:tag>
        <xilinx:tag xilinx:name="ui.data.coregen.dd@37503ecb_ARCHIVE_LOCATION">/home/ransara/Documents/ADS/AHB/deploy_bus/ip_repo/amba_ahb_1.0</xilinx:tag>
        <xilinx:tag xilinx:name="ui.data.coregen.dd@35be2c33_ARCHIVE_LOCATION">/home/ransara/Documents/ADS/AHB/deploy_bus/ip_repo/amba_ahb_1.0</xilinx:tag>
        <xilinx:tag xilinx:name="ui.data.coregen.dd@5b9906de_ARCHIVE_LOCATION">/home/ransara/Documents/ADS/AHB/deploy_bus/ip_repo/amba_ahb_1.0</xilinx:tag>
        <xilinx:tag xilinx:name="ui.data.coregen.dd@320485f7_ARCHIVE_LOCATION">/home/ransara/Documents/ADS/AHB/deploy_bus/ip_repo/amba_ahb_1.0</xilinx:tag>
        <xilinx:tag xilinx:name="ui.data.coregen.dd@628bffcc_ARCHIVE_LOCATION">/home/ransara/Documents/ADS/AHB/deploy_bus/ip_repo/amba_ahb_1.0</xilinx:tag>
        <xilinx:tag xilinx:name="ui.data.coregen.dd@326ad924_ARCHIVE_LOCATION">/home/ransara/Documents/ADS/AHB/deploy_bus/ip_repo/amba_ahb_1.0</xilinx:tag>
        <xilinx:tag xilinx:name="ui.data.coregen.dd@3ce16140_ARCHIVE_LOCATION">/home/ransara/Documents/ADS/AHB/deploy_bus/ip_repo/amba_ahb_1.0</xilinx:tag>
        <xilinx:tag xilinx:name="ui.data.coregen.dd@1f57e7d8_ARCHIVE_LOCATION">/home/ransara/Documents/ADS/AHB/deploy_bus/ip_repo/amba_ahb_1.0</xilinx:tag>
        <xilinx:tag xilinx:name="ui.data.coregen.dd@724df116_ARCHIVE_LOCATION">/home/ransara/Documents/ADS/AHB/deploy_bus/ip_repo/amba_ahb_1.0</xilinx:tag>
        <xilinx:tag xilinx:name="ui.data.coregen.dd@33676442_ARCHIVE_LOCATION">/home/ransara/Documents/ADS/AHB/deploy_bus/ip_repo/amba_ahb_1.0</xilinx:tag>
        <xilinx:tag xilinx:name="ui.data.coregen.dd@6e8b6943_ARCHIVE_LOCATION">/home/ransara/Documents/ADS/AHB/deploy_bus/ip_repo/amba_ahb_1.0</xilinx:tag>
        <xilinx:tag xilinx:name="ui.data.coregen.dd@a5436db_ARCHIVE_LOCATION">/home/ransara/Documents/ADS/AHB/deploy_bus/ip_repo/amba_ahb_1.0</xilinx:tag>
        <xilinx:tag xilinx:name="ui.data.coregen.dd@3642e4c8_ARCHIVE_LOCATION">/home/ransara/Documents/ADS/AHB/deploy_bus/ip_repo/amba_ahb_1.0</xilinx:tag>
        <xilinx:tag xilinx:name="ui.data.coregen.dd@12fc8fa_ARCHIVE_LOCATION">/home/ransara/Documents/ADS/AHB/deploy_bus/ip_repo/amba_ahb_1.0</xilinx:tag>
        <xilinx:tag xilinx:name="ui.data.coregen.dd@7df1832b_ARCHIVE_LOCATION">/home/ransara/Documents/ADS/AHB/deploy_bus/ip_repo/amba_ahb_1.0</xilinx:tag>
        <xilinx:tag xilinx:name="ui.data.coregen.dd@4b85b2a5_ARCHIVE_LOCATION">/home/ransara/Documents/ADS/AHB/deploy_bus/ip_repo/amba_ahb_1.0</xilinx:tag>
        <xilinx:tag xilinx:name="ui.data.coregen.dd@26eae7a3_ARCHIVE_LOCATION">/home/ransara/Documents/ADS/AHB/deploy_bus/ip_repo/amba_ahb_1.0</xilinx:tag>
        <xilinx:tag xilinx:name="ui.data.coregen.dd@3f39fdd0_ARCHIVE_LOCATION">/home/ransara/Documents/ADS/AHB/deploy_bus/ip_repo/amba_ahb_1.0</xilinx:tag>
        <xilinx:tag xilinx:name="ui.data.coregen.dd@7caa5216_ARCHIVE_LOCATION">/home/ransara/Documents/ADS/AHB/deploy_bus/ip_repo/amba_ahb_1.0</xilinx:tag>
        <xilinx:tag xilinx:name="ui.data.coregen.dd@32a61433_ARCHIVE_LOCATION">/home/ransara/Documents/ADS/AHB/deploy_bus/ip_repo/amba_ahb_1.0</xilinx:tag>
        <xilinx:tag xilinx:name="ui.data.coregen.dd@4aa4dd16_ARCHIVE_LOCATION">/home/ransara/Documents/ADS/AHB/deploy_bus/ip_repo/amba_ahb_1.0</xilinx:tag>
        <xilinx:tag xilinx:name="ui.data.coregen.dd@70353991_ARCHIVE_LOCATION">/home/ransara/Documents/ADS/AHB/deploy_bus/ip_repo/amba_ahb_1.0</xilinx:tag>
        <xilinx:tag xilinx:name="ui.data.coregen.dd@54aa8b43_ARCHIVE_LOCATION">/home/ransara/Documents/ADS/AHB/deploy_bus/ip_repo/amba_ahb_1.0</xilinx:tag>
        <xilinx:tag xilinx:name="ui.data.coregen.dd@6e43b2fb_ARCHIVE_LOCATION">/home/ransara/Documents/ADS/AHB/deploy_bus/ip_repo/amba_ahb_1.0</xilinx:tag>
        <xilinx:tag xilinx:name="ui.data.coregen.dd@5a87161c_ARCHIVE_LOCATION">/home/ransara/Documents/ADS/AHB/deploy_bus/ip_repo/amba_ahb_1.0</xilinx:tag>
        <xilinx:tag xilinx:name="ui.data.coregen.dd@3409d6cd_ARCHIVE_LOCATION">/home/ransara/Documents/ADS/AHB/deploy_bus/ip_repo/amba_ahb_1.0</xilinx:tag>
        <xilinx:tag xilinx:name="ui.data.coregen.dd@32fa046b_ARCHIVE_LOCATION">/home/ransara/Documents/ADS/AHB/deploy_bus/ip_repo/amba_ahb_1.0</xilinx:tag>
        <xilinx:tag xilinx:name="ui.data.coregen.dd@6e0cd602_ARCHIVE_LOCATION">/home/ransara/Documents/ADS/AHB/deploy_bus/ip_repo/amba_ahb_1.0</xilinx:tag>
        <xilinx:tag xilinx:name="ui.data.coregen.dd@3b12aea4_ARCHIVE_LOCATION">/home/ransara/Documents/ADS/AHB/deploy_bus/ip_repo/amba_ahb_1.0</xilinx:tag>
        <xilinx:tag xilinx:name="ui.data.coregen.dd@5d7ab2b8_ARCHIVE_LOCATION">/home/ransara/Documents/ADS/AHB/deploy_bus/ip_repo/amba_ahb_1.0</xilinx:tag>
        <xilinx:tag xilinx:name="ui.data.coregen.dd@2dea9121_ARCHIVE_LOCATION">/home/ransara/Documents/ADS/AHB/deploy_bus/ip_repo/amba_ahb_1.0</xilinx:tag>
        <xilinx:tag xilinx:name="ui.data.coregen.dd@4096ee6d_ARCHIVE_LOCATION">/home/ransara/Documents/ADS/AHB/deploy_bus/ip_repo/amba_ahb_1.0</xilinx:tag>
        <xilinx:tag xilinx:name="ui.data.coregen.dd@5d1b8f58_ARCHIVE_LOCATION">/home/ransara/Documents/ADS/AHB/deploy_bus/ip_repo/amba_ahb_1.0</xilinx:tag>
        <xilinx:tag xilinx:name="ui.data.coregen.dd@76536d63_ARCHIVE_LOCATION">/home/ransara/Documents/ADS/AHB/deploy_bus/ip_repo/amba_ahb_1.0</xilinx:tag>
        <xilinx:tag xilinx:name="ui.data.coregen.dd@210efcfa_ARCHIVE_LOCATION">/home/ransara/Documents/ADS/AHB/deploy_bus/ip_repo/amba_ahb_1.0</xilinx:tag>
        <xilinx:tag xilinx:name="ui.data.coregen.dd@36ab501e_ARCHIVE_LOCATION">/home/ransara/Documents/ADS/AHB/deploy_bus/ip_repo/amba_ahb_1.0</xilinx:tag>
        <xilinx:tag xilinx:name="ui.data.coregen.dd@269acdb4_ARCHIVE_LOCATION">/home/ransara/Documents/ADS/AHB/deploy_bus/ip_repo/amba_ahb_1.0</xilinx:tag>
        <xilinx:tag xilinx:name="ui.data.coregen.dd@386cc318_ARCHIVE_LOCATION">/home/ransara/Documents/ADS/AHB/deploy_bus/ip_repo/amba_ahb_1.0</xilinx:tag>
        <xilinx:tag xilinx:name="ui.data.coregen.dd@2e990580_ARCHIVE_LOCATION">/home/ransara/Documents/ADS/AHB/deploy_bus/ip_repo/amba_ahb_1.0</xilinx:tag>
        <xilinx:tag xilinx:name="ui.data.coregen.dd@e7819aa_ARCHIVE_LOCATION">/home/ransara/Documents/ADS/AHB/deploy_bus/ip_repo/amba_ahb_1.0</xilinx:tag>
        <xilinx:tag xilinx:name="ui.data.coregen.dd@3a73d49f_ARCHIVE_LOCATION">/home/ransara/Documents/ADS/AHB/deploy_bus/ip_repo/amba_ahb_1.0</xilinx:tag>
        <xilinx:tag xilinx:name="ui.data.coregen.dd@6d2348b3_ARCHIVE_LOCATION">/home/ransara/Documents/ADS/AHB/deploy_bus/ip_repo/amba_ahb_1.0</xilinx:tag>
        <xilinx:tag xilinx:name="ui.data.coregen.dd@1f924a39_ARCHIVE_LOCATION">/home/ransara/Documents/ADS/AHB/deploy_bus/ip_repo/amba_ahb_1.0</xilinx:tag>
        <xilinx:tag xilinx:name="ui.data.coregen.dd@67d20599_ARCHIVE_LOCATION">/home/ransara/Documents/ADS/AHB/deploy_bus/ip_repo/amba_ahb_1.0</xilinx:tag>
        <xilinx:tag xilinx:name="ui.data.coregen.dd@6a21c690_ARCHIVE_LOCATION">/home/ransara/Documents/ADS/AHB/deploy_bus/ip_repo/amba_ahb_1.0</xilinx:tag>
        <xilinx:tag xilinx:name="ui.data.coregen.dd@13718b76_ARCHIVE_LOCATION">/home/ransara/Documents/ADS/AHB/deploy_bus/ip_repo/amba_ahb_1.0</xilinx:tag>
        <xilinx:tag xilinx:name="ui.data.coregen.dd@4116872d_ARCHIVE_LOCATION">/home/ransara/Documents/ADS/AHB/deploy_bus/ip_repo/amba_ahb_1.0</xilinx:tag>
        <xilinx:tag xilinx:name="ui.data.coregen.dd@6f965788_ARCHIVE_LOCATION">/home/ransara/Documents/ADS/AHB/deploy_bus/ip_repo/amba_ahb_1.0</xilinx:tag>
        <xilinx:tag xilinx:name="ui.data.coregen.dd@314e2498_ARCHIVE_LOCATION">/home/ransara/Documents/ADS/AHB/deploy_bus/ip_repo/amba_ahb_1.0</xilinx:tag>
        <xilinx:tag xilinx:name="ui.data.coregen.dd@577e65bc_ARCHIVE_LOCATION">/home/ransara/Documents/ADS/AHB/deploy_bus/ip_repo/amba_ahb_1.0</xilinx:tag>
        <xilinx:tag xilinx:name="ui.data.coregen.dd@6b5a7775_ARCHIVE_LOCATION">/home/ransara/Documents/ADS/AHB/deploy_bus/ip_repo/amba_ahb_1.0</xilinx:tag>
        <xilinx:tag xilinx:name="ui.data.coregen.dd@5e971f15_ARCHIVE_LOCATION">/home/ransara/Documents/ADS/AHB/deploy_bus/ip_repo/amba_ahb_1.0</xilinx:tag>
        <xilinx:tag xilinx:name="ui.data.coregen.dd@30ee9488_ARCHIVE_LOCATION">/home/ransara/Documents/ADS/AHB/deploy_bus/ip_repo/amba_ahb_1.0</xilinx:tag>
        <xilinx:tag xilinx:name="ui.data.coregen.dd@7c7776b0_ARCHIVE_LOCATION">/home/ransara/Documents/ADS/AHB/deploy_bus/ip_repo/amba_ahb_1.0</xilinx:tag>
        <xilinx:tag xilinx:name="ui.data.coregen.dd@6c135252_ARCHIVE_LOCATION">/home/ransara/Documents/ADS/AHB/deploy_bus/ip_repo/amba_ahb_1.0</xilinx:tag>
        <xilinx:tag xilinx:name="ui.data.coregen.dd@52b4332a_ARCHIVE_LOCATION">/home/ransara/Documents/ADS/AHB/deploy_bus/ip_repo/amba_ahb_1.0</xilinx:tag>
        <xilinx:tag xilinx:name="ui.data.coregen.dd@44f04fb7_ARCHIVE_LOCATION">/home/ransara/Documents/ADS/AHB/deploy_bus/ip_repo/amba_ahb_1.0</xilinx:tag>
        <xilinx:tag xilinx:name="ui.data.coregen.dd@585ab5b3_ARCHIVE_LOCATION">/home/ransara/Documents/ADS/AHB/deploy_bus/ip_repo/amba_ahb_1.0</xilinx:tag>
        <xilinx:tag xilinx:name="ui.data.coregen.dd@1d57c55_ARCHIVE_LOCATION">/home/ransara/Documents/ADS/AHB/deploy_bus/ip_repo/amba_ahb_1.0</xilinx:tag>
        <xilinx:tag xilinx:name="ui.data.coregen.dd@219f83fe_ARCHIVE_LOCATION">/home/ransara/Documents/ADS/AHB/deploy_bus/ip_repo/amba_ahb_1.0</xilinx:tag>
        <xilinx:tag xilinx:name="ui.data.coregen.dd@6eac68f0_ARCHIVE_LOCATION">/home/ransara/Documents/ADS/AHB/deploy_bus/ip_repo/amba_ahb_1.0</xilinx:tag>
        <xilinx:tag xilinx:name="ui.data.coregen.dd@1235d8e0_ARCHIVE_LOCATION">/home/ransara/Documents/ADS/AHB/deploy_bus/ip_repo/amba_ahb_1.0</xilinx:tag>
        <xilinx:tag xilinx:name="ui.data.coregen.dd@4828b37_ARCHIVE_LOCATION">/home/ransara/Documents/ADS/AHB/deploy_bus/ip_repo/amba_ahb_1.0</xilinx:tag>
        <xilinx:tag xilinx:name="ui.data.coregen.dd@6d5bf45d_ARCHIVE_LOCATION">/home/ransara/Documents/ADS/AHB/deploy_bus/ip_repo/amba_ahb_1.0</xilinx:tag>
        <xilinx:tag xilinx:name="ui.data.coregen.dd@2734c511_ARCHIVE_LOCATION">/home/ransara/Documents/ADS/AHB/deploy_bus/ip_repo/amba_ahb_1.0</xilinx:tag>
        <xilinx:tag xilinx:name="ui.data.coregen.dd@5e0ea765_ARCHIVE_LOCATION">/home/ransara/Documents/ADS/AHB/deploy_bus/ip_repo/amba_ahb_1.0</xilinx:tag>
        <xilinx:tag xilinx:name="ui.data.coregen.dd@40663c1_ARCHIVE_LOCATION">/home/ransara/Documents/ADS/AHB/deploy_bus/ip_repo/amba_ahb_1.0</xilinx:tag>
        <xilinx:tag xilinx:name="ui.data.coregen.dd@40573e37_ARCHIVE_LOCATION">/home/ransara/Documents/ADS/AHB/deploy_bus/ip_repo/amba_ahb_1.0</xilinx:tag>
        <xilinx:tag xilinx:name="ui.data.coregen.dd@1f2a9312_ARCHIVE_LOCATION">/home/ransara/Documents/ADS/AHB/deploy_bus/ip_repo/amba_ahb_1.0</xilinx:tag>
        <xilinx:tag xilinx:name="ui.data.coregen.dd@48a893fb_ARCHIVE_LOCATION">/home/ransara/Documents/ADS/AHB/deploy_bus/ip_repo/amba_ahb_1.0</xilinx:tag>
        <xilinx:tag xilinx:name="ui.data.coregen.dd@617c6fad_ARCHIVE_LOCATION">/home/ransara/Documents/ADS/AHB/deploy_bus/ip_repo/amba_ahb_1.0</xilinx:tag>
        <xilinx:tag xilinx:name="ui.data.coregen.dd@1e86e1c5_ARCHIVE_LOCATION">/home/ransara/Documents/ADS/AHB/deploy_bus/ip_repo/amba_ahb_1.0</xilinx:tag>
        <xilinx:tag xilinx:name="ui.data.coregen.dd@6795e5f1_ARCHIVE_LOCATION">/home/ransara/Documents/ADS/AHB/deploy_bus/ip_repo/amba_ahb_1.0</xilinx:tag>
        <xilinx:tag xilinx:name="ui.data.coregen.dd@6cefa50c_ARCHIVE_LOCATION">/home/ransara/Documents/ADS/AHB/deploy_bus/ip_repo/amba_ahb_1.0</xilinx:tag>
        <xilinx:tag xilinx:name="ui.data.coregen.dd@69045e5c_ARCHIVE_LOCATION">/home/ransara/Documents/ADS/AHB/deploy_bus/ip_repo/amba_ahb_1.0</xilinx:tag>
        <xilinx:tag xilinx:name="ui.data.coregen.dd@6bdabdc4_ARCHIVE_LOCATION">/home/ransara/Documents/ADS/AHB/deploy_bus/ip_repo/amba_ahb_1.0</xilinx:tag>
        <xilinx:tag xilinx:name="ui.data.coregen.dd@11130dfc_ARCHIVE_LOCATION">/home/ransara/Documents/ADS/AHB/deploy_bus/ip_repo/amba_ahb_1.0</xilinx:tag>
      </xilinx:tags>
    </xilinx:coreExtensions>
    <xilinx:packagingInfo>
      <xilinx:xilinxVersion>2019.1</xilinx:xilinxVersion>
      <xilinx:checksum xilinx:scope="busInterfaces" xilinx:value="7350a5aa"/>
      <xilinx:checksum xilinx:scope="memoryMaps" xilinx:value="c30980da"/>
      <xilinx:checksum xilinx:scope="fileGroups" xilinx:value="802d1c53"/>
      <xilinx:checksum xilinx:scope="ports" xilinx:value="f6d62f63"/>
      <xilinx:checksum xilinx:scope="hdlParameters" xilinx:value="77846896"/>
      <xilinx:checksum xilinx:scope="parameters" xilinx:value="a30b5350"/>
    </xilinx:packagingInfo>
  </spirit:vendorExtensions>
</spirit:component>
